rundate,report_period,rpt_apt_grp_name,rpt_apt_name,mail_shd_pax_acf_fe,mail_shd_cgo_acf_fe,mail_cht_pax_acf_fe,mail_cht_cgo_acf_fe,mail_shd_pax_acf_fn,mail_shd_cgo_acf_fn,mail_cht_pax_acf_fn,mail_cht_cgo_acf_fn,mail_shd_pax_acf_uk,mail_shd_cgo_acf_uk,mail_cht_pax_acf_uk,mail_cht_cgo_acf_uk
28/02/2008 17:48,2007,London Area Airports,GATWICK,1984.546,0,1.885,0,3586.423,0,8.964,0,6.564,0,0,0
28/02/2008 17:48,2007,London Area Airports,HEATHROW,16564.815,0,0,0,65453.374,232.8,0,0,5.033,0,0,0
28/02/2008 17:48,2007,London Area Airports,STANSTED,2.457,11.12,0,212.864,0.115,130.246,0,0,0,0,0,21211.593
28/02/2008 17:48,2007,Other UK Airports,ABERDEEN,0.043,0,0,0,2.436,0,0.001,0.998,3.816,0,0,184.517
28/02/2008 17:48,2007,Other UK Airports,BELFAST CITY (GEORGE BEST),0,0,0,0,0,0,0,0,43.583,0,0,0
28/02/2008 17:48,2007,Other UK Airports,BELFAST INTERNATIONAL,0,0,0,0,0,0,0,0,0.015,0,0,11457.191
28/02/2008 17:48,2007,Other UK Airports,BENBECULA,0,0,0,0,0,0,0,0,1.816,0,0,0
28/02/2008 17:48,2007,Other UK Airports,BIRMINGHAM,25.45,0,0.002,0,0.034,0,0,0,0.039,0,0,0
28/02/2008 17:48,2007,Other UK Airports,BOURNEMOUTH,0,0,0,0,0,0,0,0,2.222,5698.841,0,4626.541
28/02/2008 17:48,2007,Other UK Airports,BRISTOL,0,0,0,0,0,0,0,304.609,0,0,0,2599.085
28/02/2008 17:48,2007,Other UK Airports,CAMBRIDGE,0,0,0,24,0,0,0,0,0,0,0,0
28/02/2008 17:48,2007,Other UK Airports,COVENTRY,0,0,0,9.173,0,0,0,0,0,0,0,1693.532
28/02/2008 17:48,2007,Other UK Airports,DURHAM TEES VALLEY,0,0,0,4.146,0,0,0,0,0,0,0,0
28/02/2008 17:48,2007,Other UK Airports,EDINBURGH,0.068,0,0,145.591,0.587,0,0,0,0.386,0,0,26461.061
28/02/2008 17:48,2007,Other UK Airports,EXETER,0,0,0,0,0,0,0,0,0.361,0,0,4990.841
28/02/2008 17:48,2007,Other UK Airports,GLASGOW,0.004,0,0.004,0,0.003,0,0,0,71.394,0,0,0
28/02/2008 17:48,2007,Other UK Airports,INVERNESS,0,0,0,0,0,0,0,0,3.642,0,0,0
28/02/2008 17:48,2007,Other UK Airports,ISLAY,0,0,0,0,0,0,0,0,54.253,0,0,0
28/02/2008 17:48,2007,Other UK Airports,ISLE OF MAN,0.03,0,0,0,0,0,0,0,0,0,0,2278.711
28/02/2008 17:48,2007,Other UK Airports,ISLES OF SCILLY (ST.MARYS),0,0,0,0,0,0,0,0,173.913,30.1,0,0
28/02/2008 17:48,2007,Other UK Airports,ISLES OF SCILLY (TRESCO),0,0,0,0,0,0,0,0,8.38,0,0,0
28/02/2008 17:48,2007,Other UK Airports,KIRKWALL,0,0,0,0,0,0,0,0,25.826,0.02,0,0
28/02/2008 17:48,2007,Other UK Airports,LANDS END (ST JUST),0,0,0,0,0,0,0,0,35.81,31.09,0,0
28/02/2008 17:48,2007,Other UK Airports,LEEDS BRADFORD,0.019,0,0,0,0,0,0,0,5.961,0,0,0
28/02/2008 17:48,2007,Other UK Airports,MANCHESTER,221.535,0,0.05,0,417.7,46.434,8.929,0.001,70.302,0,0,0
28/02/2008 17:48,2007,Other UK Airports,NEWCASTLE,0.225,0,0,0,0.323,0,0,98.539,0.683,0,0,8383.376
28/02/2008 17:48,2007,Other UK Airports,NOTTINGHAM EAST MIDLANDS INT'L,2.638,0,0,0,0,0,0,0,0,0,0,27948.827
28/02/2008 17:48,2007,Other UK Airports,PENZANCE HELIPORT,0,0,0,0,0,0,0,0,119,13,0,0
28/02/2008 17:48,2007,Other UK Airports,SCATSTA,0,0,0,0,0,0,0.242,0,0,0,0.624,0
28/02/2008 17:48,2007,Other UK Airports,STORNOWAY,0,0,0,0,0,0,0,0,0.712,0,0,0
28/02/2008 17:48,2007,Other UK Airports,SUMBURGH,0,0,0,0,0,0,0.024,0,4.239,0,0,0
28/02/2008 17:48,2007,Other UK Airports,TIREE,0,0,0,0,0,0,0,0,32.337,0,0,0
28/02/2008 17:48,2007,Channel Islands Airports,ALDERNEY,0,0,0,0,0,0,0,0,199.238,0,0,0
28/02/2008 17:48,2007,Channel Islands Airports,GUERNSEY,0.152,0,0,0,0,0,0,0,264.157,1646.165,0,888.91
28/02/2008 17:48,2007,Channel Islands Airports,JERSEY,0,0,0,0,0,0,0,0,73.709,1564.484,0,226.402
