rundate,this_period,last_period,group_name,airport_1_name,airport_2_name,total_pax_this_period,total_pax_scheduled_this_period,total_pax_charter_this_period,total_pax_last_period,total_pax_scheduled_last_period,total_pax_charter_last_period,total_pax_percent,charters_tm_only_small_acf,charters_lm_only_small_acf
13-Jan-2011 12:01,201011,200911,Other Reporting Airports      ,ABERDEEN                      ,BELFAST CITY (GEORGE BEST)    , 1094 , 1094 , 0 , 1452 , 1452 , 0 ,-24.65565 ,N,N
13-Jan-2011 12:01,201011,200911,Other Reporting Airports      ,ABERDEEN                      ,BIRMINGHAM                    , 6771 , 6771 , 0 , 8753 , 8753 , 0 ,-22.64367 ,N,N
13-Jan-2011 12:01,201011,200911,Other Reporting Airports      ,ABERDEEN                      ,BRISTOL                       , 2321 , 2321 , 0 , 1789 , 1789 , 0 , 29.73728 ,N,N
13-Jan-2011 12:01,201011,200911,Other Reporting Airports      ,ABERDEEN                      ,CARDIFF WALES                 , 82 , 82 , 0 , 726 , 726 , 0 ,-88.70523 ,N,N
13-Jan-2011 12:01,201011,200911,Other Reporting Airports      ,ABERDEEN                      ,DURHAM TEES VALLEY            , 2548 , 2548 , 0 , 2901 , 2901 , 0 ,-12.16822 ,N,N
13-Jan-2011 12:01,201011,200911,Other Reporting Airports      ,ABERDEEN                      ,EAST MIDLANDS INTERNATIONAL   , 1850 , 1850 , 0 , 1718 , 1718 , 0 , 7.683353 ,N,N
13-Jan-2011 12:01,201011,200911,Other Reporting Airports      ,ABERDEEN                      ,EXETER                        , 1696 , 1696 , 0 , 2499 , 2499 , 0 ,-32.13285 ,N,N
13-Jan-2011 12:01,201011,200911,Other Reporting Airports      ,ABERDEEN                      ,HUMBERSIDE                    , 2572 , 2572 , 0 , 2802 , 2802 , 0 ,-8.208423 ,N,N
13-Jan-2011 12:01,201011,200911,Other Reporting Airports      ,ABERDEEN                      ,KIRKWALL                      , 2829 , 2829 , 0 , 3329 , 3329 , 0 ,-15.01953 ,N,N
13-Jan-2011 12:01,201011,200911,Other Reporting Airports      ,ABERDEEN                      ,LEEDS BRADFORD                , 581 , 581 , 0 , 1256 , 1256 , 0 ,-53.74204 ,N,N
13-Jan-2011 12:01,201011,200911,Other Reporting Airports      ,ABERDEEN                      ,LIVERPOOL (JOHN LENNON)       , 21 , 21 , 0 , 0 , 0 , 0 ,Null,N,N
13-Jan-2011 12:01,201011,200911,Other Reporting Airports      ,ABERDEEN                      ,MANCHESTER                    , 8458 , 8164 , 294 , 8645 , 8445 , 200 ,-2.1631 ,N,N
13-Jan-2011 12:01,201011,200911,Other Reporting Airports      ,ABERDEEN                      ,NEWCASTLE                     , 2623 , 2623 , 0 , 1865 , 1865 , 0 , 40.64343 ,N,N
13-Jan-2011 12:01,201011,200911,Other Reporting Airports      ,ABERDEEN                      ,NORWICH                       , 5199 , 5199 , 0 , 5046 , 5046 , 0 , 3.032105 ,N,N
13-Jan-2011 12:01,201011,200911,Other Reporting Airports      ,ABERDEEN                      ,SCATSTA                       , 12935 , 0 , 12935 , 12052 , 0 , 12052 , 7.326585 ,N,N
13-Jan-2011 12:01,201011,200911,Other Reporting Airports      ,ABERDEEN                      ,SOUTHAMPTON                   , 2342 , 2342 , 0 , 3303 , 3303 , 0 ,-29.09476 ,N,N
13-Jan-2011 12:01,201011,200911,Other Reporting Airports      ,ABERDEEN                      ,STORNOWAY                     , 475 , 475 , 0 , 546 , 546 , 0 ,-13.00366 ,N,N
13-Jan-2011 12:01,201011,200911,Other Reporting Airports      ,ABERDEEN                      ,SUMBURGH                      , 5366 , 4953 , 413 , 5056 , 5005 , 51 , 6.131329 ,N,N
13-Jan-2011 12:01,201011,200911,Other Reporting Airports      ,ABERDEEN                      ,WICK                          , 1484 , 1484 , 0 , 1376 , 1376 , 0 , 7.848837 ,N,N
13-Jan-2011 12:01,201011,200911,Other Reporting Airports      ,ALDERNEY                      ,GUERNSEY                      , 2875 , 2875 , 0 , 2697 , 2697 , 0 , 6.599926 ,N,N
13-Jan-2011 12:01,201011,200911,Other Reporting Airports      ,ALDERNEY                      ,SOUTHAMPTON                   , 1443 , 1443 , 0 , 1712 , 1712 , 0 ,-15.71262 ,N,N
13-Jan-2011 12:01,201011,200911,Other Reporting Airports      ,ANGLESEY (VALLEY)             ,CARDIFF WALES                 , 802 , 802 , 0 , 1085 , 1085 , 0 ,-26.08295 ,N,N
13-Jan-2011 12:01,201011,200911,Other Reporting Airports      ,BARRA                         ,BENBECULA                     , 99 , 99 , 0 , 78 , 78 , 0 , 26.92308 ,N,N
13-Jan-2011 12:01,201011,200911,Other Reporting Airports      ,BARRA                         ,GLASGOW                       , 471 , 471 , 0 , 494 , 494 , 0 ,-4.65587 ,N,N
13-Jan-2011 12:01,201011,200911,Other Reporting Airports      ,BELFAST CITY (GEORGE BEST)    ,BIRMINGHAM                    , 16134 , 16134 , 0 , 15742 , 15742 , 0 , 2.490154 ,N,N
13-Jan-2011 12:01,201011,200911,Other Reporting Airports      ,BELFAST CITY (GEORGE BEST)    ,BLACKPOOL                     , 831 , 831 , 0 , 673 , 673 , 0 , 23.47697 ,N,N
13-Jan-2011 12:01,201011,200911,Other Reporting Airports      ,BELFAST CITY (GEORGE BEST)    ,BRISTOL                       , 3126 , 3126 , 0 , 10333 , 10333 , 0 ,-69.74741 ,N,N
13-Jan-2011 12:01,201011,200911,Other Reporting Airports      ,BELFAST CITY (GEORGE BEST)    ,CARDIFF WALES                 , 3051 , 3051 , 0 , 2087 , 2087 , 0 , 46.1907 ,N,N
13-Jan-2011 12:01,201011,200911,Other Reporting Airports      ,BELFAST CITY (GEORGE BEST)    ,DONCASTER SHEFFIELD           , 1962 , 1962 , 0 , 1843 , 1843 , 0 , 6.456864 ,N,N
13-Jan-2011 12:01,201011,200911,Other Reporting Airports      ,BELFAST CITY (GEORGE BEST)    ,DUNDEE                        , 806 , 806 , 0 , 716 , 716 , 0 , 12.56983 ,N,N
13-Jan-2011 12:01,201011,200911,Other Reporting Airports      ,BELFAST CITY (GEORGE BEST)    ,EAST MIDLANDS INTERNATIONAL   , 4212 , 4212 , 0 , 17989 , 17989 , 0 ,-76.58569 ,N,N
13-Jan-2011 12:01,201011,200911,Other Reporting Airports      ,BELFAST CITY (GEORGE BEST)    ,EDINBURGH                     , 8823 , 8823 , 0 , 9509 , 9509 , 0 ,-7.214218 ,N,N
13-Jan-2011 12:01,201011,200911,Other Reporting Airports      ,BELFAST CITY (GEORGE BEST)    ,EXETER                        , 2013 , 2013 , 0 , 2085 , 2085 , 0 ,-3.453237 ,N,N
13-Jan-2011 12:01,201011,200911,Other Reporting Airports      ,BELFAST CITY (GEORGE BEST)    ,GLASGOW                       , 10782 , 10782 , 0 , 9518 , 9518 , 0 , 13.2801 ,N,N
13-Jan-2011 12:01,201011,200911,Other Reporting Airports      ,BELFAST CITY (GEORGE BEST)    ,INVERNESS                     , 1319 , 1319 , 0 , 1414 , 1414 , 0 ,-6.718529 ,N,N
13-Jan-2011 12:01,201011,200911,Other Reporting Airports      ,BELFAST CITY (GEORGE BEST)    ,ISLE OF MAN                   , 1888 , 1888 , 0 , 1391 , 1391 , 0 , 35.72969 ,N,N
13-Jan-2011 12:01,201011,200911,Other Reporting Airports      ,BELFAST CITY (GEORGE BEST)    ,LEEDS BRADFORD                , 6075 , 6075 , 0 , 6708 , 6708 , 0 ,-9.436494 ,N,N
13-Jan-2011 12:01,201011,200911,Other Reporting Airports      ,BELFAST CITY (GEORGE BEST)    ,LIVERPOOL (JOHN LENNON)       , 6807 , 6807 , 0 , 18242 , 18242 , 0 ,-62.68501 ,N,N
13-Jan-2011 12:01,201011,200911,Other Reporting Airports      ,BELFAST CITY (GEORGE BEST)    ,MANCHESTER                    , 19973 , 19973 , 0 , 20425 , 20425 , 0 ,-2.212974 ,N,N
13-Jan-2011 12:01,201011,200911,Other Reporting Airports      ,BELFAST CITY (GEORGE BEST)    ,NEWCASTLE                     , 3548 , 3548 , 0 , 3677 , 3677 , 0 ,-3.508295 ,N,N
13-Jan-2011 12:01,201011,200911,Other Reporting Airports      ,BELFAST CITY (GEORGE BEST)    ,PRESTWICK                     , 0 , 0 , 0 , 6517 , 6517 , 0 ,-100 ,N,N
13-Jan-2011 12:01,201011,200911,Other Reporting Airports      ,BELFAST CITY (GEORGE BEST)    ,SOUTHAMPTON                   , 6415 , 6415 , 0 , 5981 , 5981 , 0 , 7.256311 ,N,N
13-Jan-2011 12:01,201011,200911,Other Reporting Airports      ,BELFAST INTERNATIONAL         ,BIRMINGHAM                    , 9867 , 9867 , 0 , 10249 , 10249 , 0 ,-3.727193 ,N,N
13-Jan-2011 12:01,201011,200911,Other Reporting Airports      ,BELFAST INTERNATIONAL         ,BRISTOL                       , 15174 , 15174 , 0 , 13051 , 13051 , 0 , 16.26695 ,N,N
13-Jan-2011 12:01,201011,200911,Other Reporting Airports      ,BELFAST INTERNATIONAL         ,CARDIFF WALES                 , 2529 , 2435 , 94 , 3476 , 3476 , 0 ,-27.24396 ,N,N
13-Jan-2011 12:01,201011,200911,Other Reporting Airports      ,BELFAST INTERNATIONAL         ,EAST MIDLANDS INTERNATIONAL   , 10516 , 10516 , 0 , 6384 , 6384 , 0 , 64.72431 ,N,N
13-Jan-2011 12:01,201011,200911,Other Reporting Airports      ,BELFAST INTERNATIONAL         ,EDINBURGH                     , 18285 , 18285 , 0 , 19377 , 19377 , 0 ,-5.635547 ,N,N
13-Jan-2011 12:01,201011,200911,Other Reporting Airports      ,BELFAST INTERNATIONAL         ,GLASGOW                       , 20426 , 20426 , 0 , 17262 , 17262 , 0 , 18.32928 ,N,N
13-Jan-2011 12:01,201011,200911,Other Reporting Airports      ,BELFAST INTERNATIONAL         ,ISLE OF MAN                   , 0 , 0 , 0 , 825 , 825 , 0 ,-100 ,N,N
13-Jan-2011 12:01,201011,200911,Other Reporting Airports      ,BELFAST INTERNATIONAL         ,LEEDS BRADFORD                , 7768 , 7768 , 0 , 7025 , 7025 , 0 , 10.57651 ,N,N
13-Jan-2011 12:01,201011,200911,Other Reporting Airports      ,BELFAST INTERNATIONAL         ,LIVERPOOL (JOHN LENNON)       , 30930 , 30930 , 0 , 31190 , 31190 , 0 ,-0.8336005 ,N,N
13-Jan-2011 12:01,201011,200911,Other Reporting Airports      ,BELFAST INTERNATIONAL         ,MANCHESTER                    , 8146 , 8076 , 70 , 9668 , 9668 , 0 ,-15.74266 ,N,N
13-Jan-2011 12:01,201011,200911,Other Reporting Airports      ,BELFAST INTERNATIONAL         ,NEWCASTLE                     , 15156 , 15156 , 0 , 16989 , 16989 , 0 ,-10.78933 ,N,N
13-Jan-2011 12:01,201011,200911,Other Reporting Airports      ,BENBECULA                     ,GLASGOW                       , 1742 , 1742 , 0 , 1826 , 1826 , 0 ,-4.600219 ,N,N
13-Jan-2011 12:01,201011,200911,Other Reporting Airports      ,BENBECULA                     ,STORNOWAY                     , 857 , 857 , 0 , 682 , 682 , 0 , 25.65982 ,N,N
13-Jan-2011 12:01,201011,200911,Other Reporting Airports      ,BIGGIN HILL                   ,GUERNSEY                      , 2 , 0 , 2 , 0 , 0 , 0 ,Null,Y,N
13-Jan-2011 12:01,201011,200911,Other Reporting Airports      ,BIRMINGHAM                    ,CITY OF DERRY (EGLINTON)      , 4523 , 4523 , 0 , 3998 , 3998 , 0 , 13.13157 ,N,N
13-Jan-2011 12:01,201011,200911,Other Reporting Airports      ,BIRMINGHAM                    ,DUNDEE                        , 1591 , 1591 , 0 , 1680 , 1680 , 0 ,-5.297619 ,N,N
13-Jan-2011 12:01,201011,200911,Other Reporting Airports      ,BIRMINGHAM                    ,EDINBURGH                     , 23484 , 23484 , 0 , 28583 , 28583 , 0 ,-17.83928 ,N,N
13-Jan-2011 12:01,201011,200911,Other Reporting Airports      ,BIRMINGHAM                    ,GLASGOW                       , 19958 , 19958 , 0 , 22762 , 22762 , 0 ,-12.31878 ,N,N
13-Jan-2011 12:01,201011,200911,Other Reporting Airports      ,BIRMINGHAM                    ,GUERNSEY                      , 2371 , 2371 , 0 , 2430 , 2430 , 0 ,-2.427984 ,N,N
13-Jan-2011 12:01,201011,200911,Other Reporting Airports      ,BIRMINGHAM                    ,INVERNESS                     , 2202 , 2202 , 0 , 2347 , 2347 , 0 ,-6.1781 ,N,N
13-Jan-2011 12:01,201011,200911,Other Reporting Airports      ,BIRMINGHAM                    ,ISLE OF MAN                   , 3676 , 3676 , 0 , 4216 , 4216 , 0 ,-12.80835 ,N,N
13-Jan-2011 12:01,201011,200911,Other Reporting Airports      ,BIRMINGHAM                    ,JERSEY                        , 2578 , 2578 , 0 , 2607 , 2607 , 0 ,-1.11239 ,N,N
13-Jan-2011 12:01,201011,200911,Other Reporting Airports      ,BIRMINGHAM                    ,NEWCASTLE                     , 1041 , 1041 , 0 , 1626 , 1626 , 0 ,-35.97786 ,N,N
13-Jan-2011 12:01,201011,200911,Other Reporting Airports      ,BIRMINGHAM                    ,WICK                          , 102 , 0 , 102 , 0 , 0 , 0 ,Null,N,N
13-Jan-2011 12:01,201011,200911,Other Reporting Airports      ,BLACKPOOL                     ,ISLE OF MAN                   , 2009 , 2009 , 0 , 2198 , 2198 , 0 ,-8.598726 ,N,N
13-Jan-2011 12:01,201011,200911,Other Reporting Airports      ,BLACKPOOL                     ,SOUTHAMPTON                   , 0 , 0 , 0 , 35 , 0 , 35 ,-100 ,N,N
13-Jan-2011 12:01,201011,200911,Other Reporting Airports      ,BOURNEMOUTH                   ,EAST MIDLANDS INTERNATIONAL   , 0 , 0 , 0 , 61 , 0 , 61 ,-100 ,N,N
13-Jan-2011 12:01,201011,200911,Other Reporting Airports      ,BOURNEMOUTH                   ,EDINBURGH                     , 0 , 0 , 0 , 6933 , 6933 , 0 ,-100 ,N,N
13-Jan-2011 12:01,201011,200911,Other Reporting Airports      ,BRISTOL                       ,EAST MIDLANDS INTERNATIONAL   , 0 , 0 , 0 , 155 , 0 , 155 ,-100 ,N,N
13-Jan-2011 12:01,201011,200911,Other Reporting Airports      ,BRISTOL                       ,EDINBURGH                     , 21928 , 21928 , 0 , 20167 , 20167 , 0 , 8.732087 ,N,N
13-Jan-2011 12:01,201011,200911,Other Reporting Airports      ,BRISTOL                       ,GLASGOW                       , 18124 , 18124 , 0 , 17949 , 17949 , 0 , 0.9749847 ,N,N
13-Jan-2011 12:01,201011,200911,Other Reporting Airports      ,BRISTOL                       ,GUERNSEY                      , 1631 , 1631 , 0 , 1350 , 1350 , 0 , 20.81482 ,N,N
13-Jan-2011 12:01,201011,200911,Other Reporting Airports      ,BRISTOL                       ,INVERNESS                     , 4034 , 4034 , 0 , 3825 , 3825 , 0 , 5.464052 ,N,N
13-Jan-2011 12:01,201011,200911,Other Reporting Airports      ,BRISTOL                       ,ISLE OF MAN                   , 279 , 279 , 0 , 0 , 0 , 0 ,Null,N,N
13-Jan-2011 12:01,201011,200911,Other Reporting Airports      ,BRISTOL                       ,ISLES OF SCILLY (ST.MARYS)    , 0 , 0 , 0 , 14 , 14 , 0 ,-100 ,N,N
13-Jan-2011 12:01,201011,200911,Other Reporting Airports      ,BRISTOL                       ,JERSEY                        , 1564 , 1564 , 0 , 1995 , 1995 , 0 ,-21.60401 ,N,N
13-Jan-2011 12:01,201011,200911,Other Reporting Airports      ,BRISTOL                       ,LEEDS BRADFORD                , 1924 , 1924 , 0 , 2406 , 2406 , 0 ,-20.03325 ,N,N
13-Jan-2011 12:01,201011,200911,Other Reporting Airports      ,BRISTOL                       ,MANCHESTER                    , 1556 , 1556 , 0 , 1810 , 1810 , 0 ,-14.03315 ,N,N
13-Jan-2011 12:01,201011,200911,Other Reporting Airports      ,BRISTOL                       ,NEWCASTLE                     , 14762 , 14762 , 0 , 16880 , 16836 , 44 ,-12.54739 ,N,N
13-Jan-2011 12:01,201011,200911,Other Reporting Airports      ,BRISTOL                       ,NEWQUAY                       , 1151 , 1151 , 0 , 1334 , 1334 , 0 ,-13.71814 ,N,N
13-Jan-2011 12:01,201011,200911,Other Reporting Airports      ,BRISTOL                       ,PLYMOUTH                      , 745 , 745 , 0 , 836 , 836 , 0 ,-10.88517 ,N,N
13-Jan-2011 12:01,201011,200911,Other Reporting Airports      ,CAMBRIDGE                     ,CARDIFF WALES                 , 0 , 0 , 0 , 28 , 0 , 28 ,-100 ,N,N
13-Jan-2011 12:01,201011,200911,Other Reporting Airports      ,CAMBRIDGE                     ,JERSEY                        , 8 , 0 , 8 , 0 , 0 , 0 ,Null,Y,N
13-Jan-2011 12:01,201011,200911,Other Reporting Airports      ,CAMPBELTOWN                   ,GLASGOW                       , 667 , 667 , 0 , 657 , 657 , 0 , 1.52207 ,N,N
13-Jan-2011 12:01,201011,200911,Other Reporting Airports      ,CARDIFF WALES                 ,EDINBURGH                     , 7276 , 7276 , 0 , 13280 , 13280 , 0 ,-45.21084 ,N,N
13-Jan-2011 12:01,201011,200911,Other Reporting Airports      ,CARDIFF WALES                 ,GLASGOW                       , 4534 , 4503 , 31 , 4692 , 4645 , 47 ,-3.367434 ,N,N
13-Jan-2011 12:01,201011,200911,Other Reporting Airports      ,CARDIFF WALES                 ,JERSEY                        , 0 , 0 , 0 , 245 , 245 , 0 ,-100 ,N,N
13-Jan-2011 12:01,201011,200911,Other Reporting Airports      ,CARDIFF WALES                 ,NEWCASTLE                     , 960 , 960 , 0 , 2868 , 2390 , 478 ,-66.5272 ,N,N
13-Jan-2011 12:01,201011,200911,Other Reporting Airports      ,CITY OF DERRY (EGLINTON)      ,LIVERPOOL (JOHN LENNON)       , 7626 , 7626 , 0 , 6283 , 6283 , 0 , 21.37514 ,N,N
13-Jan-2011 12:01,201011,200911,Other Reporting Airports      ,CITY OF DERRY (EGLINTON)      ,PRESTWICK                     , 6555 , 6555 , 0 , 5624 , 5624 , 0 , 16.55405 ,N,N
13-Jan-2011 12:01,201011,200911,Other Reporting Airports      ,DONCASTER SHEFFIELD           ,FARNBOROUGH                   , 0 , 0 , 0 , 14 , 0 , 14 ,-100 ,N,Y
13-Jan-2011 12:01,201011,200911,Other Reporting Airports      ,DONCASTER SHEFFIELD           ,JERSEY                        , 660 , 660 , 0 , 971 , 971 , 0 ,-32.02884 ,N,N
13-Jan-2011 12:01,201011,200911,Other Reporting Airports      ,DURHAM TEES VALLEY            ,EDINBURGH                     , 0 , 0 , 0 , 1 , 0 , 1 ,-100 ,N,Y
13-Jan-2011 12:01,201011,200911,Other Reporting Airports      ,DURHAM TEES VALLEY            ,SOUTHAMPTON                   , 536 , 536 , 0 , 309 , 309 , 0 , 73.46278 ,N,N
13-Jan-2011 12:01,201011,200911,Other Reporting Airports      ,EAST MIDLANDS INTERNATIONAL   ,EDINBURGH                     , 9766 , 9766 , 0 , 11144 , 11144 , 0 ,-12.3654 ,N,N
13-Jan-2011 12:01,201011,200911,Other Reporting Airports      ,EAST MIDLANDS INTERNATIONAL   ,GLASGOW                       , 9582 , 9582 , 0 , 9414 , 9414 , 0 , 1.784576 ,N,N
13-Jan-2011 12:01,201011,200911,Other Reporting Airports      ,EAST MIDLANDS INTERNATIONAL   ,GUERNSEY                      , 1401 , 1401 , 0 , 1213 , 1213 , 0 , 15.49876 ,N,N
13-Jan-2011 12:01,201011,200911,Other Reporting Airports      ,EAST MIDLANDS INTERNATIONAL   ,ISLE OF MAN                   , 0 , 0 , 0 , 350 , 350 , 0 ,-100 ,N,N
13-Jan-2011 12:01,201011,200911,Other Reporting Airports      ,EAST MIDLANDS INTERNATIONAL   ,JERSEY                        , 2586 , 2586 , 0 , 2873 , 2873 , 0 ,-9.989558 ,N,N
13-Jan-2011 12:01,201011,200911,Other Reporting Airports      ,EDAY                          ,KIRKWALL                      , 40 , 40 , 0 , 69 , 69 , 0 ,-42.02898 ,N,N
13-Jan-2011 12:01,201011,200911,Other Reporting Airports      ,EDINBURGH                     ,EXETER                        , 3452 , 3452 , 0 , 4606 , 4606 , 0 ,-25.05428 ,N,N
13-Jan-2011 12:01,201011,200911,Other Reporting Airports      ,EDINBURGH                     ,FARNBOROUGH                   , 42 , 0 , 42 , 14 , 0 , 14 , 200 ,N,Y
13-Jan-2011 12:01,201011,200911,Other Reporting Airports      ,EDINBURGH                     ,INVERNESS                     , 0 , 0 , 0 , 395 , 395 , 0 ,-100 ,N,N
13-Jan-2011 12:01,201011,200911,Other Reporting Airports      ,EDINBURGH                     ,ISLE OF MAN                   , 871 , 871 , 0 , 921 , 921 , 0 ,-5.428882 ,N,N
13-Jan-2011 12:01,201011,200911,Other Reporting Airports      ,EDINBURGH                     ,JERSEY                        , 0 , 0 , 0 , 797 , 797 , 0 ,-100 ,N,N
13-Jan-2011 12:01,201011,200911,Other Reporting Airports      ,EDINBURGH                     ,KIRKWALL                      , 2451 , 2451 , 0 , 2937 , 2937 , 0 ,-16.5475 ,N,N
13-Jan-2011 12:01,201011,200911,Other Reporting Airports      ,EDINBURGH                     ,LEEDS BRADFORD                , 1315 , 1315 , 0 , 1600 , 1600 , 0 ,-17.8125 ,N,N
13-Jan-2011 12:01,201011,200911,Other Reporting Airports      ,EDINBURGH                     ,MANCHESTER                    , 11130 , 11130 , 0 , 13601 , 13601 , 0 ,-18.16778 ,N,N
13-Jan-2011 12:01,201011,200911,Other Reporting Airports      ,EDINBURGH                     ,MANSTON (KENT INT)            , 1755 , 1755 , 0 , 0 , 0 , 0 ,Null,N,N
13-Jan-2011 12:01,201011,200911,Other Reporting Airports      ,EDINBURGH                     ,NORWICH                       , 3668 , 3668 , 0 , 3905 , 3905 , 0 ,-6.069142 ,N,N
13-Jan-2011 12:01,201011,200911,Other Reporting Airports      ,EDINBURGH                     ,SOUTHAMPTON                   , 15050 , 15050 , 0 , 15527 , 15527 , 0 ,-3.072068 ,N,N
13-Jan-2011 12:01,201011,200911,Other Reporting Airports      ,EDINBURGH                     ,STORNOWAY                     , 1759 , 1759 , 0 , 2362 , 2362 , 0 ,-25.52921 ,N,N
13-Jan-2011 12:01,201011,200911,Other Reporting Airports      ,EDINBURGH                     ,SUMBURGH                      , 2341 , 2341 , 0 , 2470 , 2470 , 0 ,-5.222672 ,N,N
13-Jan-2011 12:01,201011,200911,Other Reporting Airports      ,EDINBURGH                     ,WICK                          , 617 , 617 , 0 , 640 , 640 , 0 ,-3.59375 ,N,N
13-Jan-2011 12:01,201011,200911,Other Reporting Airports      ,EXETER                        ,GLASGOW                       , 1771 , 1771 , 0 , 2497 , 2497 , 0 ,-29.07489 ,N,N
13-Jan-2011 12:01,201011,200911,Other Reporting Airports      ,EXETER                        ,GUERNSEY                      , 1761 , 1761 , 0 , 1801 , 1801 , 0 ,-2.220988 ,N,N
13-Jan-2011 12:01,201011,200911,Other Reporting Airports      ,EXETER                        ,JERSEY                        , 2432 , 2432 , 0 , 2351 , 2351 , 0 , 3.445342 ,N,N
13-Jan-2011 12:01,201011,200911,Other Reporting Airports      ,EXETER                        ,LEEDS BRADFORD                , 747 , 747 , 0 , 1118 , 1118 , 0 ,-33.18426 ,N,N
13-Jan-2011 12:01,201011,200911,Other Reporting Airports      ,EXETER                        ,MANCHESTER                    , 3603 , 3598 , 5 , 4143 , 4137 , 6 ,-13.03403 ,N,N
13-Jan-2011 12:01,201011,200911,Other Reporting Airports      ,EXETER                        ,NEWCASTLE                     , 1803 , 1803 , 0 , 2776 , 2776 , 0 ,-35.05043 ,N,N
13-Jan-2011 12:01,201011,200911,Other Reporting Airports      ,FAIR ISLE                     ,LERWICK (TINGWALL)            , 88 , 88 , 0 , 146 , 146 , 0 ,-39.72603 ,N,N
13-Jan-2011 12:01,201011,200911,Other Reporting Airports      ,FARNBOROUGH                   ,GLASGOW                       , 0 , 0 , 0 , 8 , 0 , 8 ,-100 ,N,Y
13-Jan-2011 12:01,201011,200911,Other Reporting Airports      ,FARNBOROUGH                   ,GUERNSEY                      , 0 , 0 , 0 , 3 , 0 , 3 ,-100 ,N,Y
13-Jan-2011 12:01,201011,200911,Other Reporting Airports      ,FARNBOROUGH                   ,MANCHESTER                    , 0 , 0 , 0 , 55 , 0 , 55 ,-100 ,N,N
13-Jan-2011 12:01,201011,200911,Other Reporting Airports      ,FARNBOROUGH                   ,NEWCASTLE                     , 82 , 0 , 82 , 0 , 0 , 0 ,Null,N,N
13-Jan-2011 12:01,201011,200911,Other Reporting Airports      ,FILTON                        ,HAWARDEN                      , 8 , 0 , 8 , 0 , 0 , 0 ,Null,N,N
13-Jan-2011 12:01,201011,200911,Other Reporting Airports      ,FOULA                         ,LERWICK (TINGWALL)            , 86 , 86 , 0 , 72 , 72 , 0 , 19.44444 ,N,N
13-Jan-2011 12:01,201011,200911,London Area Airports          ,GATWICK                       ,ABERDEEN                      , 9602 , 9602 , 0 , 12626 , 12626 , 0 ,-23.95058 ,N,N
13-Jan-2011 12:01,201011,200911,London Area Airports          ,GATWICK                       ,BELFAST CITY (GEORGE BEST)    , 19839 , 19839 , 0 , 19201 , 19201 , 0 , 3.322744 ,N,N
13-Jan-2011 12:01,201011,200911,London Area Airports          ,GATWICK                       ,BELFAST INTERNATIONAL         , 26995 , 26995 , 0 , 24144 , 24144 , 0 , 11.80832 ,N,N
13-Jan-2011 12:01,201011,200911,London Area Airports          ,GATWICK                       ,BIRMINGHAM                    , 0 , 0 , 0 , 1 , 0 , 1 ,-100 ,N,N
13-Jan-2011 12:01,201011,200911,London Area Airports          ,GATWICK                       ,EDINBURGH                     , 50017 , 49983 , 34 , 53670 , 53670 , 0 ,-6.806409 ,N,N
13-Jan-2011 12:01,201011,200911,London Area Airports          ,GATWICK                       ,GLASGOW                       , 43202 , 43202 , 0 , 43209 , 43209 , 0 ,-1.620033E-02 ,N,N
13-Jan-2011 12:01,201011,200911,London Area Airports          ,GATWICK                       ,GUERNSEY                      , 26614 , 26614 , 0 , 26894 , 26894 , 0 ,-1.041124 ,N,N
13-Jan-2011 12:01,201011,200911,London Area Airports          ,GATWICK                       ,INVERNESS                     , 15630 , 15630 , 0 , 16629 , 16629 , 0 ,-6.007577 ,N,N
13-Jan-2011 12:01,201011,200911,London Area Airports          ,GATWICK                       ,ISLE OF MAN                   , 10915 , 10915 , 0 , 9937 , 9937 , 0 , 9.842005 ,N,N
13-Jan-2011 12:01,201011,200911,London Area Airports          ,GATWICK                       ,JERSEY                        , 43412 , 43319 , 93 , 44010 , 44010 , 0 ,-1.358782 ,N,N
13-Jan-2011 12:01,201011,200911,London Area Airports          ,GATWICK                       ,LEEDS BRADFORD                , 4034 , 4034 , 0 , 5338 , 5338 , 0 ,-24.42863 ,N,N
13-Jan-2011 12:01,201011,200911,London Area Airports          ,GATWICK                       ,MANCHESTER                    , 20934 , 20933 , 1 , 23446 , 23446 , 0 ,-10.71398 ,N,N
13-Jan-2011 12:01,201011,200911,London Area Airports          ,GATWICK                       ,NEWCASTLE                     , 8490 , 8450 , 40 , 9529 , 9529 , 0 ,-10.90356 ,N,N
13-Jan-2011 12:01,201011,200911,London Area Airports          ,GATWICK                       ,NEWQUAY                       , 8155 , 8155 , 0 , 7682 , 7682 , 0 , 6.157251 ,N,N
13-Jan-2011 12:01,201011,200911,London Area Airports          ,GATWICK                       ,PLYMOUTH                      , 4364 , 4364 , 0 , 4666 , 4666 , 0 ,-6.472353 ,N,N
13-Jan-2011 12:01,201011,200911,Other Reporting Airports      ,GLASGOW                       ,ISLAY                         , 1871 , 1871 , 0 , 1754 , 1754 , 0 , 6.670467 ,N,N
13-Jan-2011 12:01,201011,200911,Other Reporting Airports      ,GLASGOW                       ,ISLE OF MAN                   , 542 , 542 , 0 , 803 , 803 , 0 ,-32.50311 ,N,N
13-Jan-2011 12:01,201011,200911,Other Reporting Airports      ,GLASGOW                       ,KIRKWALL                      , 1151 , 1151 , 0 , 1188 , 1188 , 0 ,-3.114478 ,N,N
13-Jan-2011 12:01,201011,200911,Other Reporting Airports      ,GLASGOW                       ,LEEDS BRADFORD                , 1364 , 1364 , 0 , 1707 , 1707 , 0 ,-20.09373 ,N,N
13-Jan-2011 12:01,201011,200911,Other Reporting Airports      ,GLASGOW                       ,LIVERPOOL (JOHN LENNON)       , 42 , 0 , 42 , 0 , 0 , 0 ,Null,N,N
13-Jan-2011 12:01,201011,200911,Other Reporting Airports      ,GLASGOW                       ,MANCHESTER                    , 5576 , 5505 , 71 , 7018 , 7018 , 0 ,-20.54716 ,N,N
13-Jan-2011 12:01,201011,200911,Other Reporting Airports      ,GLASGOW                       ,NEWQUAY                       , 0 , 0 , 0 , 181 , 181 , 0 ,-100 ,N,N
13-Jan-2011 12:01,201011,200911,Other Reporting Airports      ,GLASGOW                       ,PLYMOUTH                      , 1922 , 1922 , 0 , 1640 , 1640 , 0 , 17.19512 ,N,N
13-Jan-2011 12:01,201011,200911,Other Reporting Airports      ,GLASGOW                       ,SOUTHAMPTON                   , 11013 , 11013 , 0 , 13134 , 13134 , 0 ,-16.14893 ,N,N
13-Jan-2011 12:01,201011,200911,Other Reporting Airports      ,GLASGOW                       ,STORNOWAY                     , 4142 , 4142 , 0 , 3820 , 3820 , 0 , 8.429319 ,N,N
13-Jan-2011 12:01,201011,200911,Other Reporting Airports      ,GLASGOW                       ,SUMBURGH                      , 1440 , 1440 , 0 , 1380 , 1380 , 0 , 4.347826 ,N,N
13-Jan-2011 12:01,201011,200911,Other Reporting Airports      ,GLASGOW                       ,TIREE                         , 520 , 520 , 0 , 524 , 524 , 0 ,-0.7633588 ,N,N
13-Jan-2011 12:01,201011,200911,Other Reporting Airports      ,GLOUCESTERSHIRE               ,ISLE OF MAN                   , 1164 , 1164 , 0 , 1380 , 1380 , 0 ,-15.65217 ,N,N
13-Jan-2011 12:01,201011,200911,Other Reporting Airports      ,GLOUCESTERSHIRE               ,JERSEY                        , 0 , 0 , 0 , 220 , 220 , 0 ,-100 ,N,N
13-Jan-2011 12:01,201011,200911,Other Reporting Airports      ,GUERNSEY                      ,ISLE OF MAN                   , 226 , 226 , 0 , 277 , 277 , 0 ,-18.41155 ,N,N
13-Jan-2011 12:01,201011,200911,Other Reporting Airports      ,GUERNSEY                      ,JERSEY                        , 13731 , 13731 , 0 , 13166 , 13166 , 0 , 4.291357 ,N,N
13-Jan-2011 12:01,201011,200911,Other Reporting Airports      ,GUERNSEY                      ,MANCHESTER                    , 4131 , 4131 , 0 , 4900 , 4900 , 0 ,-15.69388 ,N,N
13-Jan-2011 12:01,201011,200911,Other Reporting Airports      ,GUERNSEY                      ,PLYMOUTH                      , 278 , 278 , 0 , 280 , 280 , 0 ,-0.7142857 ,N,N
13-Jan-2011 12:01,201011,200911,Other Reporting Airports      ,GUERNSEY                      ,SOUTHAMPTON                   , 10437 , 10437 , 0 , 11974 , 11974 , 0 ,-12.83615 ,N,N
13-Jan-2011 12:01,201011,200911,London Area Airports          ,HEATHROW                      ,ABERDEEN                      , 52993 , 52993 , 0 , 50631 , 50631 , 0 , 4.665126 ,N,N
13-Jan-2011 12:01,201011,200911,London Area Airports          ,HEATHROW                      ,BELFAST CITY (GEORGE BEST)    , 39426 , 39426 , 0 , 41942 , 41942 , 0 ,-5.99876 ,N,N
13-Jan-2011 12:01,201011,200911,London Area Airports          ,HEATHROW                      ,BELFAST INTERNATIONAL         , 21862 , 21862 , 0 , 21836 , 21836 , 0 , 0.1190694 ,N,N
13-Jan-2011 12:01,201011,200911,London Area Airports          ,HEATHROW                      ,CITY OF DERRY (EGLINTON)      , 0 , 0 , 0 , 262 , 0 , 262 ,-100 ,N,N
13-Jan-2011 12:01,201011,200911,London Area Airports          ,HEATHROW                      ,EDINBURGH                     , 104541 , 104541 , 0 , 102795 , 102795 , 0 , 1.698526 ,N,N
13-Jan-2011 12:01,201011,200911,London Area Airports          ,HEATHROW                      ,FARNBOROUGH                   , 2 , 0 , 2 , 0 , 0 , 0 ,Null,Y,N
13-Jan-2011 12:01,201011,200911,London Area Airports          ,HEATHROW                      ,GLASGOW                       , 95634 , 95634 , 0 , 85783 , 85783 , 0 , 11.48363 ,N,N
13-Jan-2011 12:01,201011,200911,London Area Airports          ,HEATHROW                      ,MANCHESTER                    , 74055 , 74055 , 0 , 75067 , 75067 , 0 ,-1.348129 ,N,N
13-Jan-2011 12:01,201011,200911,London Area Airports          ,HEATHROW                      ,NEWCASTLE                     , 39640 , 39640 , 0 , 36848 , 36848 , 0 , 7.577074 ,N,N
13-Jan-2011 12:01,201011,200911,Other Reporting Airports      ,HUMBERSIDE                    ,NORWICH                       , 56 , 56 , 0 , 21 , 0 , 21 , 166.6667 ,N,N
13-Jan-2011 12:01,201011,200911,Other Reporting Airports      ,INVERNESS                     ,KIRKWALL                      , 1837 , 1837 , 0 , 1829 , 1829 , 0 , 0.4373975 ,N,N
13-Jan-2011 12:01,201011,200911,Other Reporting Airports      ,INVERNESS                     ,MANCHESTER                    , 3423 , 3423 , 0 , 3997 , 3997 , 0 ,-14.36077 ,N,N
13-Jan-2011 12:01,201011,200911,Other Reporting Airports      ,INVERNESS                     ,STORNOWAY                     , 3414 , 3414 , 0 , 2793 , 2793 , 0 , 22.23416 ,N,N
13-Jan-2011 12:01,201011,200911,Other Reporting Airports      ,INVERNESS                     ,SUMBURGH                      , 0 , 0 , 0 , 1 , 1 , 0 ,-100 ,N,N
13-Jan-2011 12:01,201011,200911,Other Reporting Airports      ,ISLE OF MAN                   ,JERSEY                        , 392 , 392 , 0 , 455 , 455 , 0 ,-13.84615 ,N,N
13-Jan-2011 12:01,201011,200911,Other Reporting Airports      ,ISLE OF MAN                   ,LEEDS BRADFORD                , 700 , 700 , 0 , 898 , 898 , 0 ,-22.049 ,N,N
13-Jan-2011 12:01,201011,200911,Other Reporting Airports      ,ISLE OF MAN                   ,LIVERPOOL (JOHN LENNON)       , 12246 , 12246 , 0 , 11181 , 11181 , 0 , 9.525087 ,N,N
13-Jan-2011 12:01,201011,200911,Other Reporting Airports      ,ISLE OF MAN                   ,MANCHESTER                    , 10661 , 10661 , 0 , 11757 , 11757 , 0 ,-9.322106 ,N,N
13-Jan-2011 12:01,201011,200911,Other Reporting Airports      ,ISLE OF MAN                   ,NEWCASTLE                     , 459 , 459 , 0 , 526 , 526 , 0 ,-12.73764 ,N,N
13-Jan-2011 12:01,201011,200911,Other Reporting Airports      ,ISLES OF SCILLY (ST.MARYS)    ,NEWQUAY                       , 364 , 364 , 0 , 0 , 0 , 0 ,Null,N,N
13-Jan-2011 12:01,201011,200911,Other Reporting Airports      ,JERSEY                        ,LIVERPOOL (JOHN LENNON)       , 3607 , 3607 , 0 , 3579 , 3579 , 0 , 0.7823414 ,N,N
13-Jan-2011 12:01,201011,200911,Other Reporting Airports      ,JERSEY                        ,MANCHESTER                    , 4684 , 4684 , 0 , 5026 , 5026 , 0 ,-6.804616 ,N,N
13-Jan-2011 12:01,201011,200911,Other Reporting Airports      ,JERSEY                        ,PLYMOUTH                      , 316 , 316 , 0 , 686 , 686 , 0 ,-53.93586 ,N,N
13-Jan-2011 12:01,201011,200911,Other Reporting Airports      ,JERSEY                        ,SOUTHAMPTON                   , 12347 , 12347 , 0 , 11088 , 11088 , 0 , 11.35462 ,N,N
13-Jan-2011 12:01,201011,200911,Other Reporting Airports      ,KIRKWALL                      ,NORTH RONALDSAY               , 333 , 333 , 0 , 496 , 496 , 0 ,-32.8629 ,N,N
13-Jan-2011 12:01,201011,200911,Other Reporting Airports      ,KIRKWALL                      ,PAPA WESTRAY                  , 281 , 281 , 0 , 298 , 298 , 0 ,-5.704698 ,N,N
13-Jan-2011 12:01,201011,200911,Other Reporting Airports      ,KIRKWALL                      ,SANDAY                        , 255 , 255 , 0 , 303 , 303 , 0 ,-15.84158 ,N,N
13-Jan-2011 12:01,201011,200911,Other Reporting Airports      ,KIRKWALL                      ,STRONSAY                      , 270 , 270 , 0 , 333 , 333 , 0 ,-18.91892 ,N,N
13-Jan-2011 12:01,201011,200911,Other Reporting Airports      ,KIRKWALL                      ,SUMBURGH                      , 586 , 586 , 0 , 596 , 596 , 0 ,-1.677852 ,N,N
13-Jan-2011 12:01,201011,200911,Other Reporting Airports      ,KIRKWALL                      ,WESTRAY                       , 236 , 236 , 0 , 268 , 268 , 0 ,-11.9403 ,N,N
13-Jan-2011 12:01,201011,200911,Other Reporting Airports      ,LEEDS BRADFORD                ,NEWQUAY                       , 927 , 927 , 0 , 1197 , 1197 , 0 ,-22.55639 ,N,N
13-Jan-2011 12:01,201011,200911,Other Reporting Airports      ,LEEDS BRADFORD                ,PLYMOUTH                      , 770 , 770 , 0 , 978 , 978 , 0 ,-21.26789 ,N,N
13-Jan-2011 12:01,201011,200911,Other Reporting Airports      ,LEEDS BRADFORD                ,SOUTHAMPTON                   , 6163 , 6163 , 0 , 6938 , 6938 , 0 ,-11.17037 ,N,N
13-Jan-2011 12:01,201011,200911,Other Reporting Airports      ,LERWICK (TINGWALL)            ,OUT SKERRIES                  , 22 , 22 , 0 , 56 , 56 , 0 ,-60.71429 ,N,N
13-Jan-2011 12:01,201011,200911,Other Reporting Airports      ,LERWICK (TINGWALL)            ,PAPA STOUR                    , 9 , 9 , 0 , 6 , 6 , 0 , 50 ,N,N
13-Jan-2011 12:01,201011,200911,Other Reporting Airports      ,LIVERPOOL (JOHN LENNON)       ,SOUTHAMPTON                   , 980 , 980 , 0 , 790 , 790 , 0 , 24.05063 ,N,N
13-Jan-2011 12:01,201011,200911,London Area Airports          ,LONDON CITY                   ,DUNDEE                        , 2886 , 2886 , 0 , 4130 , 4130 , 0 ,-30.12107 ,N,N
13-Jan-2011 12:01,201011,200911,London Area Airports          ,LONDON CITY                   ,EDINBURGH                     , 30323 , 30323 , 0 , 31742 , 31742 , 0 ,-4.470418 ,N,N
13-Jan-2011 12:01,201011,200911,London Area Airports          ,LONDON CITY                   ,GLASGOW                       , 11000 , 11000 , 0 , 11026 , 11026 , 0 ,-0.2358063 ,N,N
13-Jan-2011 12:01,201011,200911,London Area Airports          ,LONDON CITY                   ,ISLE OF MAN                   , 3259 , 3259 , 0 , 5396 , 5396 , 0 ,-39.60341 ,N,N
13-Jan-2011 12:01,201011,200911,London Area Airports          ,LONDON CITY                   ,JERSEY                        , 0 , 0 , 0 , 963 , 963 , 0 ,-100 ,N,N
13-Jan-2011 12:01,201011,200911,London Area Airports          ,LONDON CITY                   ,NEWQUAY                       , 0 , 0 , 0 , 2783 , 2783 , 0 ,-100 ,N,N
13-Jan-2011 12:01,201011,200911,London Area Airports          ,LUTON                         ,ABERDEEN                      , 11721 , 11721 , 0 , 8188 , 8184 , 4 , 43.14851 ,N,N
13-Jan-2011 12:01,201011,200911,London Area Airports          ,LUTON                         ,BELFAST CITY (GEORGE BEST)    , 19481 , 19481 , 0 , 0 , 0 , 0 ,Null,N,N
13-Jan-2011 12:01,201011,200911,London Area Airports          ,LUTON                         ,BELFAST INTERNATIONAL         , 9 , 0 , 9 , 19858 , 19847 , 11 ,-99.95468 ,N,N
13-Jan-2011 12:01,201011,200911,London Area Airports          ,LUTON                         ,BIRMINGHAM                    , 15 , 0 , 15 , 0 , 0 , 0 ,Null,Y,N
13-Jan-2011 12:01,201011,200911,London Area Airports          ,LUTON                         ,CITY OF DERRY (EGLINTON)      , 0 , 0 , 0 , 2638 , 2638 , 0 ,-100 ,N,N
13-Jan-2011 12:01,201011,200911,London Area Airports          ,LUTON                         ,DURHAM TEES VALLEY            , 0 , 0 , 0 , 31 , 0 , 31 ,-100 ,N,N
13-Jan-2011 12:01,201011,200911,London Area Airports          ,LUTON                         ,EDINBURGH                     , 19566 , 19566 , 0 , 27046 , 27046 , 0 ,-27.65659 ,N,N
13-Jan-2011 12:01,201011,200911,London Area Airports          ,LUTON                         ,FARNBOROUGH                   , 4 , 0 , 4 , 0 , 0 , 0 ,Null,N,N
13-Jan-2011 12:01,201011,200911,London Area Airports          ,LUTON                         ,GLASGOW                       , 22213 , 22213 , 0 , 28096 , 28096 , 0 ,-20.93892 ,N,N
13-Jan-2011 12:01,201011,200911,London Area Airports          ,LUTON                         ,INVERNESS                     , 6904 , 6896 , 8 , 7327 , 7327 , 0 ,-5.773168 ,N,N
13-Jan-2011 12:01,201011,200911,London Area Airports          ,LUTON                         ,ISLE OF MAN                   , 2191 , 2191 , 0 , 2000 , 2000 , 0 , 9.55 ,N,N
13-Jan-2011 12:01,201011,200911,London Area Airports          ,LUTON                         ,JERSEY                        , 848 , 848 , 0 , 730 , 730 , 0 , 16.16438 ,N,N
13-Jan-2011 12:01,201011,200911,London Area Airports          ,LUTON                         ,LIVERPOOL (JOHN LENNON)       , 59 , 0 , 59 , 0 , 0 , 0 ,Null,N,N
13-Jan-2011 12:01,201011,200911,London Area Airports          ,LUTON                         ,MANCHESTER                    , 9 , 0 , 9 , 0 , 0 , 0 ,Null,Y,N
13-Jan-2011 12:01,201011,200911,London Area Airports          ,LUTON                         ,NEWCASTLE                     , 17 , 0 , 17 , 37 , 0 , 37 ,-54.05405 ,Y,N
13-Jan-2011 12:01,201011,200911,London Area Airports          ,LUTON                         ,STANSTED                      , 1 , 0 , 1 , 0 , 0 , 0 ,Null,Y,N
13-Jan-2011 12:01,201011,200911,Other Reporting Airports      ,MANCHESTER                    ,MANSTON (KENT INT)            , 827 , 827 , 0 , 0 , 0 , 0 ,Null,N,N
13-Jan-2011 12:01,201011,200911,Other Reporting Airports      ,MANCHESTER                    ,NEWQUAY                       , 741 , 741 , 0 , 933 , 933 , 0 ,-20.57878 ,N,N
13-Jan-2011 12:01,201011,200911,Other Reporting Airports      ,MANCHESTER                    ,NORWICH                       , 2767 , 2767 , 0 , 2966 , 2966 , 0 ,-6.709373 ,N,N
13-Jan-2011 12:01,201011,200911,Other Reporting Airports      ,MANCHESTER                    ,PLYMOUTH                      , 1777 , 1777 , 0 , 2073 , 2073 , 0 ,-14.27882 ,N,N
13-Jan-2011 12:01,201011,200911,Other Reporting Airports      ,MANCHESTER                    ,SOUTHAMPTON                   , 10187 , 10187 , 0 , 11507 , 11368 , 139 ,-11.47128 ,N,N
13-Jan-2011 12:01,201011,200911,Other Reporting Airports      ,NEWCASTLE                     ,NEWQUAY                       , 116 , 116 , 0 , 481 , 481 , 0 ,-75.88358 ,N,N
13-Jan-2011 12:01,201011,200911,Other Reporting Airports      ,NEWCASTLE                     ,PLYMOUTH                      , 715 , 715 , 0 , 942 , 942 , 0 ,-24.09766 ,N,N
13-Jan-2011 12:01,201011,200911,Other Reporting Airports      ,NEWCASTLE                     ,SOUTHAMPTON                   , 7768 , 7764 , 4 , 9683 , 9683 , 0 ,-19.77693 ,N,N
13-Jan-2011 12:01,201011,200911,Other Reporting Airports      ,NEWQUAY                       ,PLYMOUTH                      , 179 , 179 , 0 , 105 , 105 , 0 , 70.47619 ,N,N
13-Jan-2011 12:01,201011,200911,Other Reporting Airports      ,OBAN (NORTH CONNEL)           ,TIREE                         , 0 , 0 , 0 , 53 , 53 , 0 ,-100 ,N,N
13-Jan-2011 12:01,201011,200911,London Area Airports          ,STANSTED                      ,BELFAST CITY (GEORGE BEST)    , 0 , 0 , 0 , 28258 , 28258 , 0 ,-100 ,N,N
13-Jan-2011 12:01,201011,200911,London Area Airports          ,STANSTED                      ,BELFAST INTERNATIONAL         , 29820 , 29820 , 0 , 23285 , 23285 , 0 , 28.06528 ,N,N
13-Jan-2011 12:01,201011,200911,London Area Airports          ,STANSTED                      ,CITY OF DERRY (EGLINTON)      , 8985 , 8985 , 0 , 4936 , 4936 , 0 , 82.02998 ,N,N
13-Jan-2011 12:01,201011,200911,London Area Airports          ,STANSTED                      ,EDINBURGH                     , 31782 , 31782 , 0 , 30950 , 30950 , 0 , 2.688207 ,N,N
13-Jan-2011 12:01,201011,200911,London Area Airports          ,STANSTED                      ,GLASGOW                       , 26852 , 26852 , 0 , 26455 , 26455 , 0 , 1.500661 ,N,N
13-Jan-2011 12:01,201011,200911,London Area Airports          ,STANSTED                      ,GUERNSEY                      , 1530 , 1530 , 0 , 1159 , 1159 , 0 , 32.01035 ,N,N
13-Jan-2011 12:01,201011,200911,London Area Airports          ,STANSTED                      ,JERSEY                        , 1058 , 1058 , 0 , 1795 , 1795 , 0 ,-41.05849 ,N,N
13-Jan-2011 12:01,201011,200911,London Area Airports          ,STANSTED                      ,LIVERPOOL (JOHN LENNON)       , 0 , 0 , 0 , 29 , 0 , 29 ,-100 ,N,N
13-Jan-2011 12:01,201011,200911,London Area Airports          ,STANSTED                      ,MANCHESTER                    , 46 , 0 , 46 , 0 , 0 , 0 ,Null,N,N
13-Jan-2011 12:01,201011,200911,London Area Airports          ,STANSTED                      ,NEWCASTLE                     , 8973 , 8973 , 0 , 11118 , 11118 , 0 ,-19.29304 ,N,N
13-Jan-2011 12:01,201011,200911,London Area Airports          ,STANSTED                      ,PRESTWICK                     , 10919 , 10919 , 0 , 20028 , 20028 , 0 ,-45.48133 ,N,N
