rundate,reporting_period,reporting_airport_group_name,reporting_airport_name,mail_scheduled_passenger_aircraft_foreign_EU,mail_scheduled_cargo_aircraft_foreign_EU,mail_charter_passenger_aircraft_foreign_EU,mail_charter_cargo_aircraft_foreign_EU,mail_scheduled_passenger_aircraft_foreign_non_EU,mail_scheduled_cargo_aircraft_foreign_non_EU,mail_charter_passenger_aircraft_foreign_non_EU,mail_charter_cargo_aircraft_foreign_non_EU,mail_scheduled_passenger_aircraft_UK,mail_scheduled_cargo_aircraft_UK,mail_charter_passenger_aircraft_UK,mail_charter_cargo_aircraft_UK
14-Mar-2013 10:24,201210,Other UK Airports             ,ABERDEEN                      , 0 , 0 , 0 , 0 , 0 , 0 , 0 , 0 , 0.222 , 0 , 0 , 146.529 
14-Mar-2013 10:24,201210,Non UK Reporting Airports     ,ALDERNEY                      , 0 , 0 , 0 , 0 , 0 , 0 , 0 , 0 , 6.495 , 0 , 0 , 0 
14-Mar-2013 10:24,201210,Other UK Airports             ,BELFAST INTERNATIONAL         , 0 , 0 , 0 , 0 , 0 , 0 , 0 , 0 , 0 , 0 , 0 , 1403.028 
14-Mar-2013 10:24,201210,Other UK Airports             ,BOURNEMOUTH                   , 0 , 0 , 0 , 0 , 0 , 0 , 0 , 0 , 0 , 0 , 0 , 723.078 
14-Mar-2013 10:24,201210,Other UK Airports             ,CARDIFF WALES                 , 0 , 0 , 0 , 0 , 0 , 0 , 0 , 0 , 0 , 0 , 0 , 94.348 
14-Mar-2013 10:24,201210,Other UK Airports             ,EAST MIDLANDS INTERNATIONAL   , 0 , 0 , 0 , 0 , 0 , 0 , 0 , 0 , 0 , 48.026 , 0 , 2949.196 
14-Mar-2013 10:24,201210,Other UK Airports             ,EDINBURGH                     , 0 , 0 , 0 , 11.117 , 0.003 , 0 , 0 , 0 , 0.222 , 0 , 0 , 2057.162 
14-Mar-2013 10:24,201210,Other UK Airports             ,EXETER                        , 0 , 0 , 0 , 0 , 0 , 0 , 0 , 0 , 0 , 0 , 0 , 565.511 
14-Mar-2013 10:24,201210,London Area Airports          ,GATWICK                       , 135.244 , 0 , 0.003 , 0 , 168.594 , 0 , 0.666 , 0 , 0.002 , 0 , 0 , 0 
14-Mar-2013 10:24,201210,Other UK Airports             ,GLASGOW                       , 0 , 0 , 0 , 0 , 0 , 0 , 0 , 0 , 6.26 , 0 , 0 , 0 
14-Mar-2013 10:24,201210,Non UK Reporting Airports     ,GUERNSEY                      , 0 , 0 , 0 , 0 , 0 , 0 , 0 , 0 , 12.992 , 0 , 0 , 193.015 
14-Mar-2013 10:24,201210,London Area Airports          ,HEATHROW                      , 1584.96 , 0 , 0 , 0 , 6307.987 , 0 , 1.169 , 0 , 1.078 , 0 , 0 , 0 
14-Mar-2013 10:24,201210,Other UK Airports             ,ISLAY                         , 0 , 0 , 0 , 0 , 0 , 0 , 0 , 0 , 6.079 , 0 , 0 , 0 
14-Mar-2013 10:24,201210,Non UK Reporting Airports     ,ISLE OF MAN                   , 0 , 0 , 0 , 0 , 0 , 0 , 0 , 0 , 0 , 0 , 0 , 251.105 
14-Mar-2013 10:24,201210,Other UK Airports             ,ISLES OF SCILLY (ST.MARYS)    , 0 , 0 , 0 , 0 , 0 , 0 , 0 , 0 , 1.11 , 9.25 , 0 , 0 
14-Mar-2013 10:24,201210,Non UK Reporting Airports     ,JERSEY                        , 0 , 0 , 0 , 0 , 0 , 0 , 0 , 0 , 0.001 , 0 , 0 , 157.071 
14-Mar-2013 10:24,201210,Other UK Airports             ,KIRKWALL                      , 0 , 0 , 0 , 0 , 0 , 0 , 0 , 0 , 1.878 , 0.145 , 0 , 0 
14-Mar-2013 10:24,201210,Other UK Airports             ,LANDS END (ST JUST)           , 0 , 0 , 0 , 0 , 0 , 0 , 0 , 0 , 1 , 9.3 , 0 , 0 
14-Mar-2013 10:24,201210,Other UK Airports             ,MANCHESTER                    , 1.215 , 0 , 0.002 , 0 , 132.559 , 0 , 6.545 , 0 , 0.049 , 0 , 0 , 0 
14-Mar-2013 10:24,201210,Other UK Airports             ,NEWCASTLE                     , 0 , 0 , 0 , 0 , 0 , 0 , 0 , 0 , 0 , 0 , 0 , 676.051 
14-Mar-2013 10:24,201210,London Area Airports          ,STANSTED                      , 0 , 0 , 0 , 0 , 0 , 209.179 , 0 , 0 , 0 , 0 , 0 , 2474.147 
14-Mar-2013 10:24,201210,Other UK Airports             ,TIREE                         , 0 , 0 , 0 , 0 , 0 , 0 , 0 , 0 , 2.966 , 0 , 0 , 0 
