rundate,reporting_period,reporting_airport_group_name,reporting_airport_name,mail_scheduled_passenger_aircraft_foreign_EU,mail_scheduled_cargo_aircraft_foreign_EU,mail_charter_passenger_aircraft_foreign_EU,mail_charter_cargo_aircraft_foreign_EU,mail_scheduled_passenger_aircraft_foreign_non_EU,mail_scheduled_cargo_aircraft_foreign_non_EU,mail_charter_passenger_aircraft_foreign_non_EU,mail_charter_cargo_aircraft_foreign_non_EU,mail_scheduled_passenger_aircraft_UK,mail_scheduled_cargo_aircraft_UK,mail_charter_passenger_aircraft_UK,mail_charter_cargo_aircraft_UK
13-Jun-2012 12:02,201204,Other UK Airports             ,ABERDEEN                      , 0 , 0 , 0 , 0 , 0 , 0 , 0 , 0 , 0.022 , 0 , 0 , 5.629 
13-Jun-2012 12:02,201204,Non UK Reporting Airports     ,ALDERNEY                      , 0 , 0 , 0 , 0 , 0 , 0 , 0 , 0 , 15.323 , 0 , 0 , 0 
13-Jun-2012 12:02,201204,Other UK Airports             ,BELFAST INTERNATIONAL         , 0 , 0 , 0 , 0 , 0 , 0 , 0 , 0 , 0 , 0 , 0 , 1216.502 
13-Jun-2012 12:02,201204,Other UK Airports             ,BOURNEMOUTH                   , 0 , 0 , 0 , 0 , 0 , 0 , 0 , 0 , 0 , 0 , 0 , 770.18 
13-Jun-2012 12:02,201204,Other UK Airports             ,CARDIFF WALES                 , 0 , 0 , 0 , 0 , 0 , 0 , 0 , 0 , 0 , 0 , 0 , 50.111 
13-Jun-2012 12:02,201204,Other UK Airports             ,EAST MIDLANDS INTERNATIONAL   , 0 , 0 , 0 , 333.424 , 0 , 0 , 0 , 0 , 0 , 0 , 0 , 2634.522 
13-Jun-2012 12:02,201204,Other UK Airports             ,EDINBURGH                     , 0.001 , 0 , 0 , 0 , 0.005 , 0 , 0 , 0 , 0.042 , 0 , 0 , 1924.671 
13-Jun-2012 12:02,201204,Other UK Airports             ,EXETER                        , 0 , 0 , 0 , 0 , 0 , 0 , 0 , 0 , 0 , 0 , 0 , 469.236 
13-Jun-2012 12:02,201204,London Area Airports          ,GATWICK                       , 119.488 , 0 , 0.005 , 0 , 158.286 , 0 , 0.816 , 0 , 0 , 0 , 0 , 0 
13-Jun-2012 12:02,201204,Other UK Airports             ,GLASGOW                       , 0.018 , 0 , 0 , 0 , 0.06 , 0 , 0 , 0 , 5.243 , 0 , 0 , 0 
13-Jun-2012 12:02,201204,Non UK Reporting Airports     ,GUERNSEY                      , 0 , 0 , 0 , 0 , 0 , 0 , 0 , 0 , 15.064 , 0 , 0 , 221.649 
13-Jun-2012 12:02,201204,London Area Airports          ,HEATHROW                      , 1473.965 , 0 , 0 , 0 , 5799.271 , 0.894 , 0 , 0 , 0.703 , 0 , 0 , 0 
13-Jun-2012 12:02,201204,Other UK Airports             ,ISLAY                         , 0 , 0 , 0 , 0 , 0 , 0 , 0 , 0 , 5.16 , 0 , 0 , 0 
13-Jun-2012 12:02,201204,Non UK Reporting Airports     ,ISLE OF MAN                   , 0 , 0 , 0 , 0 , 0 , 0 , 0 , 0 , 0 , 0 , 0 , 210.876 
13-Jun-2012 12:02,201204,Other UK Airports             ,ISLES OF SCILLY (ST.MARYS)    , 0 , 0 , 0 , 0 , 0 , 0 , 0 , 0 , 12.48 , 2.85 , 0 , 0 
13-Jun-2012 12:02,201204,Other UK Airports             ,ISLES OF SCILLY (TRESCO)      , 0 , 0 , 0 , 0 , 0 , 0 , 0 , 0 , 0.5 , 0 , 0 , 0 
13-Jun-2012 12:02,201204,Non UK Reporting Airports     ,JERSEY                        , 0 , 0 , 0 , 0 , 0 , 0 , 0 , 0 , 0.018 , 0 , 0 , 211.131 
13-Jun-2012 12:02,201204,Other UK Airports             ,KIRKWALL                      , 0 , 0 , 0 , 0 , 0 , 0 , 0 , 0 , 1.603 , 0 , 0 , 0 
13-Jun-2012 12:02,201204,Other UK Airports             ,LANDS END (ST JUST)           , 0 , 0 , 0 , 0 , 0 , 0 , 0 , 0 , 2.5 , 2.9 , 0 , 0 
13-Jun-2012 12:02,201204,Other UK Airports             ,MANCHESTER                    , 2.03 , 0 , 0 , 0 , 99.902 , 0 , 0.002 , 0 , 0.053 , 0 , 0 , 0 
13-Jun-2012 12:02,201204,Other UK Airports             ,NEWCASTLE                     , 0 , 0 , 0 , 0 , 0 , 0 , 0 , 0 , 0 , 0 , 0 , 636.411 
13-Jun-2012 12:02,201204,Other UK Airports             ,PENZANCE HELIPORT             , 0 , 0 , 0 , 0 , 0 , 0 , 0 , 0 , 10 , 0 , 0 , 0 
13-Jun-2012 12:02,201204,London Area Airports          ,STANSTED                      , 0 , 0 , 0 , 0 , 0 , 0 , 0 , 0 , 0 , 0 , 0 , 2128.25 
13-Jun-2012 12:02,201204,Other UK Airports             ,TIREE                         , 0 , 0 , 0 , 0 , 0 , 0 , 0 , 0 , 2.31 , 0 , 0 , 0 
