rundate,this_period,last_period,group_name,airport_1_name,airport_2_name,total_pax_this_period,total_pax_scheduled_this_period,total_pax_charter_this_period,total_pax_last_period,total_pax_scheduled_last_period,total_pax_charter_last_period,total_pax_percent,charters_tm_only_small_acf,charters_lm_only_small_acf
04-Jun-2013 11:03,201211,201111,Other Reporting Airports      ,ABERDEEN                      ,BELFAST CITY (GEORGE BEST)    , 2389 , 2389 , 0 , 1650 , 1650 , 0 , 44.78788 ,N,N
04-Jun-2013 11:03,201211,201111,Other Reporting Airports      ,ABERDEEN                      ,BIRMINGHAM                    , 8085 , 8085 , 0 , 7118 , 7118 , 0 , 13.58528 ,N,N
04-Jun-2013 11:03,201211,201111,Other Reporting Airports      ,ABERDEEN                      ,BRISTOL                       , 3680 , 3680 , 0 , 3493 , 3493 , 0 , 5.353564 ,N,N
04-Jun-2013 11:03,201211,201111,Other Reporting Airports      ,ABERDEEN                      ,CARDIFF WALES                 , 1104 , 1104 , 0 , 1223 , 1223 , 0 ,-9.730172 ,N,N
04-Jun-2013 11:03,201211,201111,Other Reporting Airports      ,ABERDEEN                      ,DURHAM TEES VALLEY            , 3119 , 3119 , 0 , 2871 , 2871 , 0 , 8.638105 ,N,N
04-Jun-2013 11:03,201211,201111,Other Reporting Airports      ,ABERDEEN                      ,EAST MIDLANDS INTERNATIONAL   , 1864 , 1864 , 0 , 1771 , 1771 , 0 , 5.25127 ,N,N
04-Jun-2013 11:03,201211,201111,Other Reporting Airports      ,ABERDEEN                      ,EXETER                        , 0 , 0 , 0 , 1546 , 1546 , 0 ,-100 ,N,N
04-Jun-2013 11:03,201211,201111,Other Reporting Airports      ,ABERDEEN                      ,GLASGOW                       , 13 , 0 , 13 , 0 , 0 , 0 ,Null,N,N
04-Jun-2013 11:03,201211,201111,Other Reporting Airports      ,ABERDEEN                      ,HUMBERSIDE                    , 3061 , 3061 , 0 , 3051 , 3051 , 0 , 0.3277614 ,N,N
04-Jun-2013 11:03,201211,201111,Other Reporting Airports      ,ABERDEEN                      ,KIRKWALL                      , 3769 , 3769 , 0 , 3663 , 3663 , 0 , 2.893803 ,N,N
04-Jun-2013 11:03,201211,201111,Other Reporting Airports      ,ABERDEEN                      ,LEEDS BRADFORD                , 229 , 229 , 0 , 0 , 0 , 0 ,Null,N,N
04-Jun-2013 11:03,201211,201111,Other Reporting Airports      ,ABERDEEN                      ,MANCHESTER                    , 17278 , 16793 , 485 , 13853 , 13301 , 552 , 24.72389 ,N,N
04-Jun-2013 11:03,201211,201111,Other Reporting Airports      ,ABERDEEN                      ,NEWCASTLE                     , 2902 , 2902 , 0 , 2068 , 2068 , 0 , 40.32882 ,N,N
04-Jun-2013 11:03,201211,201111,Other Reporting Airports      ,ABERDEEN                      ,NORWICH                       , 5825 , 5825 , 0 , 5555 , 5555 , 0 , 4.860486 ,N,N
04-Jun-2013 11:03,201211,201111,Other Reporting Airports      ,ABERDEEN                      ,SCATSTA                       , 16102 , 0 , 16102 , 13258 , 0 , 13258 , 21.4512 ,N,N
04-Jun-2013 11:03,201211,201111,Other Reporting Airports      ,ABERDEEN                      ,SOUTHAMPTON                   , 1392 , 1392 , 0 , 1631 , 1631 , 0 ,-14.65359 ,N,N
04-Jun-2013 11:03,201211,201111,Other Reporting Airports      ,ABERDEEN                      ,STORNOWAY                     , 445 , 445 , 0 , 543 , 543 , 0 ,-18.04788 ,N,N
04-Jun-2013 11:03,201211,201111,Other Reporting Airports      ,ABERDEEN                      ,SUMBURGH                      , 6898 , 5655 , 1243 , 5474 , 5120 , 354 , 26.01388 ,N,N
04-Jun-2013 11:03,201211,201111,Other Reporting Airports      ,ABERDEEN                      ,WICK JOHN O GROATS            , 1460 , 1323 , 137 , 1330 , 1330 , 0 , 9.774436 ,N,N
04-Jun-2013 11:03,201211,201111,Other Reporting Airports      ,ALDERNEY                      ,GUERNSEY                      , 2645 , 2645 , 0 , 2668 , 2668 , 0 ,-0.862069 ,N,N
04-Jun-2013 11:03,201211,201111,Other Reporting Airports      ,ALDERNEY                      ,JERSEY                        , 16 , 16 , 0 , 0 , 0 , 0 ,Null,N,N
04-Jun-2013 11:03,201211,201111,Other Reporting Airports      ,ALDERNEY                      ,SOUTHAMPTON                   , 1520 , 1520 , 0 , 1406 , 1406 , 0 , 8.108109 ,N,N
04-Jun-2013 11:03,201211,201111,Other Reporting Airports      ,ANGLESEY (VALLEY)             ,CARDIFF WALES                 , 820 , 820 , 0 , 912 , 912 , 0 ,-10.08772 ,N,N
04-Jun-2013 11:03,201211,201111,Other Reporting Airports      ,BARRA                         ,BENBECULA                     , 127 , 127 , 0 , 100 , 100 , 0 , 27 ,N,N
04-Jun-2013 11:03,201211,201111,Other Reporting Airports      ,BARRA                         ,GLASGOW                       , 578 , 578 , 0 , 477 , 477 , 0 , 21.174 ,N,N
04-Jun-2013 11:03,201211,201111,Other Reporting Airports      ,BELFAST CITY (GEORGE BEST)    ,BIRMINGHAM                    , 23381 , 23381 , 0 , 25781 , 25781 , 0 ,-9.309181 ,N,N
04-Jun-2013 11:03,201211,201111,Other Reporting Airports      ,BELFAST CITY (GEORGE BEST)    ,BLACKPOOL                     , 1133 , 1133 , 0 , 1177 , 1177 , 0 ,-3.738318 ,N,N
04-Jun-2013 11:03,201211,201111,Other Reporting Airports      ,BELFAST CITY (GEORGE BEST)    ,BRISTOL                       , 0 , 0 , 0 , 3041 , 3041 , 0 ,-100 ,N,N
04-Jun-2013 11:03,201211,201111,Other Reporting Airports      ,BELFAST CITY (GEORGE BEST)    ,CARDIFF WALES                 , 3445 , 3445 , 0 , 2960 , 2960 , 0 , 16.38514 ,N,N
04-Jun-2013 11:03,201211,201111,Other Reporting Airports      ,BELFAST CITY (GEORGE BEST)    ,DUNDEE                        , 588 , 588 , 0 , 671 , 671 , 0 ,-12.3696 ,N,N
04-Jun-2013 11:03,201211,201111,Other Reporting Airports      ,BELFAST CITY (GEORGE BEST)    ,EAST MIDLANDS INTERNATIONAL   , 10857 , 10857 , 0 , 15479 , 15479 , 0 ,-29.85981 ,N,N
04-Jun-2013 11:03,201211,201111,Other Reporting Airports      ,BELFAST CITY (GEORGE BEST)    ,EDINBURGH                     , 9380 , 9380 , 0 , 9306 , 9306 , 0 , 0.7951859 ,N,N
04-Jun-2013 11:03,201211,201111,Other Reporting Airports      ,BELFAST CITY (GEORGE BEST)    ,EXETER                        , 943 , 943 , 0 , 900 , 900 , 0 , 4.777778 ,N,N
04-Jun-2013 11:03,201211,201111,Other Reporting Airports      ,BELFAST CITY (GEORGE BEST)    ,GLASGOW                       , 8955 , 8955 , 0 , 9383 , 9383 , 0 ,-4.561441 ,N,N
04-Jun-2013 11:03,201211,201111,Other Reporting Airports      ,BELFAST CITY (GEORGE BEST)    ,INVERNESS                     , 1497 , 1497 , 0 , 1721 , 1721 , 0 ,-13.01569 ,N,N
04-Jun-2013 11:03,201211,201111,Other Reporting Airports      ,BELFAST CITY (GEORGE BEST)    ,ISLE OF MAN                   , 1028 , 1028 , 0 , 1139 , 1139 , 0 ,-9.745391 ,N,N
04-Jun-2013 11:03,201211,201111,Other Reporting Airports      ,BELFAST CITY (GEORGE BEST)    ,LEEDS BRADFORD                , 9802 , 9802 , 0 , 7361 , 7361 , 0 , 33.16125 ,N,N
04-Jun-2013 11:03,201211,201111,Other Reporting Airports      ,BELFAST CITY (GEORGE BEST)    ,LIVERPOOL (JOHN LENNON)       , 0 , 0 , 0 , 883 , 883 , 0 ,-100 ,N,N
04-Jun-2013 11:03,201211,201111,Other Reporting Airports      ,BELFAST CITY (GEORGE BEST)    ,MANCHESTER                    , 24653 , 24653 , 0 , 23543 , 23543 , 0 , 4.714777 ,N,N
04-Jun-2013 11:03,201211,201111,Other Reporting Airports      ,BELFAST CITY (GEORGE BEST)    ,NEWCASTLE                     , 3054 , 3054 , 0 , 3088 , 3088 , 0 ,-1.101036 ,N,N
04-Jun-2013 11:03,201211,201111,Other Reporting Airports      ,BELFAST CITY (GEORGE BEST)    ,SOUTHAMPTON                   , 7145 , 7145 , 0 , 6486 , 6486 , 0 , 10.16035 ,N,N
04-Jun-2013 11:03,201211,201111,Other Reporting Airports      ,BELFAST INTERNATIONAL         ,BIRMINGHAM                    , 10756 , 10756 , 0 , 0 , 0 , 0 ,Null,N,N
04-Jun-2013 11:03,201211,201111,Other Reporting Airports      ,BELFAST INTERNATIONAL         ,BRISTOL                       , 18391 , 18391 , 0 , 15221 , 15221 , 0 , 20.82649 ,N,N
04-Jun-2013 11:03,201211,201111,Other Reporting Airports      ,BELFAST INTERNATIONAL         ,EAST MIDLANDS INTERNATIONAL   , 0 , 0 , 0 , 94 , 0 , 94 ,-100 ,N,N
04-Jun-2013 11:03,201211,201111,Other Reporting Airports      ,BELFAST INTERNATIONAL         ,EDINBURGH                     , 21811 , 21811 , 0 , 20401 , 20401 , 0 , 6.911426 ,N,N
04-Jun-2013 11:03,201211,201111,Other Reporting Airports      ,BELFAST INTERNATIONAL         ,GLASGOW                       , 22261 , 22261 , 0 , 21219 , 21219 , 0 , 4.910693 ,N,N
04-Jun-2013 11:03,201211,201111,Other Reporting Airports      ,BELFAST INTERNATIONAL         ,LEEDS BRADFORD                , 3999 , 3999 , 0 , 6082 , 6082 , 0 ,-34.2486 ,N,N
04-Jun-2013 11:03,201211,201111,Other Reporting Airports      ,BELFAST INTERNATIONAL         ,LIVERPOOL (JOHN LENNON)       , 37160 , 37160 , 0 , 34467 , 34467 , 0 , 7.813271 ,N,N
04-Jun-2013 11:03,201211,201111,Other Reporting Airports      ,BELFAST INTERNATIONAL         ,MANCHESTER                    , 16167 , 16167 , 0 , 10230 , 10230 , 0 , 58.03519 ,N,N
04-Jun-2013 11:03,201211,201111,Other Reporting Airports      ,BELFAST INTERNATIONAL         ,NEWCASTLE                     , 18428 , 18428 , 0 , 15780 , 15780 , 0 , 16.78074 ,N,N
04-Jun-2013 11:03,201211,201111,Other Reporting Airports      ,BENBECULA                     ,GLASGOW                       , 1580 , 1580 , 0 , 1684 , 1684 , 0 ,-6.175772 ,N,N
04-Jun-2013 11:03,201211,201111,Other Reporting Airports      ,BENBECULA                     ,STORNOWAY                     , 1032 , 1032 , 0 , 1023 , 1023 , 0 , 0.8797654 ,N,N
04-Jun-2013 11:03,201211,201111,Other Reporting Airports      ,BIGGIN HILL                   ,DURHAM TEES VALLEY            , 27 , 0 , 27 , 0 , 0 , 0 ,Null,N,N
04-Jun-2013 11:03,201211,201111,Other Reporting Airports      ,BIRMINGHAM                    ,BRISTOL                       , 0 , 0 , 0 , 32 , 32 , 0 ,-100 ,N,N
04-Jun-2013 11:03,201211,201111,Other Reporting Airports      ,BIRMINGHAM                    ,CARDIFF WALES                 , 4 , 4 , 0 , 0 , 0 , 0 ,Null,N,N
04-Jun-2013 11:03,201211,201111,Other Reporting Airports      ,BIRMINGHAM                    ,CITY OF DERRY (EGLINTON)      , 4352 , 4352 , 0 , 4417 , 4417 , 0 ,-1.471587 ,N,N
04-Jun-2013 11:03,201211,201111,Other Reporting Airports      ,BIRMINGHAM                    ,DUNDEE                        , 1499 , 1499 , 0 , 1518 , 1518 , 0 ,-1.251647 ,N,N
04-Jun-2013 11:03,201211,201111,Other Reporting Airports      ,BIRMINGHAM                    ,EDINBURGH                     , 27139 , 27139 , 0 , 26762 , 26762 , 0 , 1.408714 ,N,N
04-Jun-2013 11:03,201211,201111,Other Reporting Airports      ,BIRMINGHAM                    ,GLASGOW                       , 19691 , 19691 , 0 , 18866 , 18866 , 0 , 4.372946 ,N,N
04-Jun-2013 11:03,201211,201111,Other Reporting Airports      ,BIRMINGHAM                    ,GUERNSEY                      , 2311 , 2311 , 0 , 2359 , 2331 , 28 ,-2.03476 ,N,N
04-Jun-2013 11:03,201211,201111,Other Reporting Airports      ,BIRMINGHAM                    ,INVERNESS                     , 2720 , 2720 , 0 , 2123 , 2123 , 0 , 28.12058 ,N,N
04-Jun-2013 11:03,201211,201111,Other Reporting Airports      ,BIRMINGHAM                    ,ISLE OF MAN                   , 3372 , 3372 , 0 , 3816 , 3816 , 0 ,-11.63522 ,N,N
04-Jun-2013 11:03,201211,201111,Other Reporting Airports      ,BIRMINGHAM                    ,JERSEY                        , 2732 , 2732 , 0 , 2372 , 2372 , 0 , 15.17707 ,N,N
04-Jun-2013 11:03,201211,201111,Other Reporting Airports      ,BIRMINGHAM                    ,NEWCASTLE                     , 944 , 944 , 0 , 1266 , 1266 , 0 ,-25.43444 ,N,N
04-Jun-2013 11:03,201211,201111,Other Reporting Airports      ,BIRMINGHAM                    ,SOUTHAMPTON                   , 5 , 5 , 0 , 0 , 0 , 0 ,Null,N,N
04-Jun-2013 11:03,201211,201111,Other Reporting Airports      ,BLACKPOOL                     ,ISLE OF MAN                   , 2008 , 2008 , 0 , 1985 , 1985 , 0 , 1.15869 ,N,N
04-Jun-2013 11:03,201211,201111,Other Reporting Airports      ,BLACKPOOL                     ,SOUTH MARSTON                 , 0 , 0 , 0 , 45 , 0 , 45 ,-100 ,N,N
04-Jun-2013 11:03,201211,201111,Other Reporting Airports      ,BOURNEMOUTH                   ,DUNDEE                        , 0 , 0 , 0 , 1 , 0 , 1 ,-100 ,N,Y
04-Jun-2013 11:03,201211,201111,Other Reporting Airports      ,BOURNEMOUTH                   ,JERSEY                        , 225 , 225 , 0 , 216 , 216 , 0 , 4.166667 ,N,N
04-Jun-2013 11:03,201211,201111,Other Reporting Airports      ,BOURNEMOUTH                   ,NEWCASTLE                     , 28 , 0 , 28 , 0 , 0 , 0 ,Null,N,N
04-Jun-2013 11:03,201211,201111,Other Reporting Airports      ,BOURNEMOUTH                   ,SOUTHAMPTON                   , 0 , 0 , 0 , 85 , 85 , 0 ,-100 ,N,N
04-Jun-2013 11:03,201211,201111,Other Reporting Airports      ,BRISTOL                       ,EDINBURGH                     , 25945 , 25945 , 0 , 24067 , 24067 , 0 , 7.803216 ,N,N
04-Jun-2013 11:03,201211,201111,Other Reporting Airports      ,BRISTOL                       ,GLASGOW                       , 21684 , 21684 , 0 , 19491 , 19406 , 85 , 11.25135 ,N,N
04-Jun-2013 11:03,201211,201111,Other Reporting Airports      ,BRISTOL                       ,GUERNSEY                      , 1311 , 1311 , 0 , 0 , 0 , 0 ,Null,N,N
04-Jun-2013 11:03,201211,201111,Other Reporting Airports      ,BRISTOL                       ,INVERNESS                     , 4866 , 4866 , 0 , 4176 , 4176 , 0 , 16.52299 ,N,N
04-Jun-2013 11:03,201211,201111,Other Reporting Airports      ,BRISTOL                       ,ISLE OF MAN                   , 0 , 0 , 0 , 534 , 534 , 0 ,-100 ,N,N
04-Jun-2013 11:03,201211,201111,Other Reporting Airports      ,BRISTOL                       ,JERSEY                        , 2513 , 2513 , 0 , 2456 , 2456 , 0 , 2.320847 ,N,N
04-Jun-2013 11:03,201211,201111,Other Reporting Airports      ,BRISTOL                       ,LEEDS BRADFORD                , 491 , 491 , 0 , 1015 , 1015 , 0 ,-51.62561 ,N,N
04-Jun-2013 11:03,201211,201111,Other Reporting Airports      ,BRISTOL                       ,NEWCASTLE                     , 15931 , 15931 , 0 , 14675 , 14675 , 0 , 8.558773 ,N,N
04-Jun-2013 11:03,201211,201111,Other Reporting Airports      ,CAMPBELTOWN                   ,GLASGOW                       , 618 , 618 , 0 , 601 , 601 , 0 , 2.828619 ,N,N
04-Jun-2013 11:03,201211,201111,Other Reporting Airports      ,CAMPBELTOWN                   ,ISLAY                         , 33 , 33 , 0 , 0 , 0 , 0 ,Null,N,N
04-Jun-2013 11:03,201211,201111,Other Reporting Airports      ,CARDIFF WALES                 ,EDINBURGH                     , 7174 , 7174 , 0 , 6041 , 6041 , 0 , 18.75517 ,N,N
04-Jun-2013 11:03,201211,201111,Other Reporting Airports      ,CARDIFF WALES                 ,FARNBOROUGH                   , 38 , 0 , 38 , 0 , 0 , 0 ,Null,N,N
04-Jun-2013 11:03,201211,201111,Other Reporting Airports      ,CARDIFF WALES                 ,GLASGOW                       , 3389 , 3389 , 0 , 3557 , 3557 , 0 ,-4.723081 ,N,N
04-Jun-2013 11:03,201211,201111,Other Reporting Airports      ,CARDIFF WALES                 ,HUMBERSIDE                    , 53 , 0 , 53 , 0 , 0 , 0 ,Null,N,N
04-Jun-2013 11:03,201211,201111,Other Reporting Airports      ,CARDIFF WALES                 ,LIVERPOOL (JOHN LENNON)       , 111 , 0 , 111 , 0 , 0 , 0 ,Null,N,N
04-Jun-2013 11:03,201211,201111,Other Reporting Airports      ,CARDIFF WALES                 ,MANCHESTER                    , 81 , 0 , 81 , 71 , 0 , 71 , 14.08451 ,N,N
04-Jun-2013 11:03,201211,201111,Other Reporting Airports      ,CARDIFF WALES                 ,NEWCASTLE                     , 1164 , 1124 , 40 , 1316 , 1316 , 0 ,-11.55015 ,N,N
04-Jun-2013 11:03,201211,201111,Other Reporting Airports      ,CITY OF DERRY (EGLINTON)      ,LIVERPOOL (JOHN LENNON)       , 7343 , 7343 , 0 , 9356 , 9356 , 0 ,-21.5156 ,N,N
04-Jun-2013 11:03,201211,201111,Other Reporting Airports      ,CITY OF DERRY (EGLINTON)      ,PRESTWICK                     , 6111 , 6111 , 0 , 6041 , 6041 , 0 , 1.158749 ,N,N
04-Jun-2013 11:03,201211,201111,Other Reporting Airports      ,DONCASTER SHEFFIELD           ,EAST MIDLANDS INTERNATIONAL   , 12 , 0 , 12 , 0 , 0 , 0 ,Null,Y,N
04-Jun-2013 11:03,201211,201111,Other Reporting Airports      ,DONCASTER SHEFFIELD           ,EDINBURGH                     , 0 , 0 , 0 , 42 , 0 , 42 ,-100 ,N,N
04-Jun-2013 11:03,201211,201111,Other Reporting Airports      ,DURHAM TEES VALLEY            ,SOUTHAMPTON                   , 0 , 0 , 0 , 1 , 1 , 0 ,-100 ,N,N
04-Jun-2013 11:03,201211,201111,Other Reporting Airports      ,EAST MIDLANDS INTERNATIONAL   ,EDINBURGH                     , 7317 , 7317 , 0 , 9953 , 9953 , 0 ,-26.48448 ,N,N
04-Jun-2013 11:03,201211,201111,Other Reporting Airports      ,EAST MIDLANDS INTERNATIONAL   ,GLASGOW                       , 7533 , 7533 , 0 , 9888 , 9888 , 0 ,-23.81675 ,N,N
04-Jun-2013 11:03,201211,201111,Other Reporting Airports      ,EAST MIDLANDS INTERNATIONAL   ,GUERNSEY                      , 1549 , 1549 , 0 , 1329 , 1329 , 0 , 16.5538 ,N,N
04-Jun-2013 11:03,201211,201111,Other Reporting Airports      ,EAST MIDLANDS INTERNATIONAL   ,JERSEY                        , 1186 , 1186 , 0 , 2899 , 2899 , 0 ,-59.08934 ,N,N
04-Jun-2013 11:03,201211,201111,Other Reporting Airports      ,EDAY                          ,KIRKWALL                      , 60 , 60 , 0 , 36 , 36 , 0 , 66.66666 ,N,N
04-Jun-2013 11:03,201211,201111,Other Reporting Airports      ,EDINBURGH                     ,EXETER                        , 2676 , 2676 , 0 , 3710 , 3710 , 0 ,-27.87062 ,N,N
04-Jun-2013 11:03,201211,201111,Other Reporting Airports      ,EDINBURGH                     ,GLASGOW                       , 58 , 58 , 0 , 0 , 0 , 0 ,Null,N,N
04-Jun-2013 11:03,201211,201111,Other Reporting Airports      ,EDINBURGH                     ,ISLE OF MAN                   , 882 , 882 , 0 , 797 , 797 , 0 , 10.66499 ,N,N
04-Jun-2013 11:03,201211,201111,Other Reporting Airports      ,EDINBURGH                     ,KIRKWALL                      , 3050 , 3050 , 0 , 2518 , 2518 , 0 , 21.12788 ,N,N
04-Jun-2013 11:03,201211,201111,Other Reporting Airports      ,EDINBURGH                     ,LEEDS BRADFORD                , 0 , 0 , 0 , 696 , 696 , 0 ,-100 ,N,N
04-Jun-2013 11:03,201211,201111,Other Reporting Airports      ,EDINBURGH                     ,MANCHESTER                    , 10505 , 10505 , 0 , 10569 , 10569 , 0 ,-0.6055445 ,N,N
04-Jun-2013 11:03,201211,201111,Other Reporting Airports      ,EDINBURGH                     ,MANSTON (KENT INT)            , 0 , 0 , 0 , 1263 , 1263 , 0 ,-100 ,N,N
04-Jun-2013 11:03,201211,201111,Other Reporting Airports      ,EDINBURGH                     ,NORWICH                       , 2252 , 2252 , 0 , 3604 , 3604 , 0 ,-37.51387 ,N,N
04-Jun-2013 11:03,201211,201111,Other Reporting Airports      ,EDINBURGH                     ,SOUTHAMPTON                   , 18596 , 18596 , 0 , 16358 , 16358 , 0 , 13.68138 ,N,N
04-Jun-2013 11:03,201211,201111,Other Reporting Airports      ,EDINBURGH                     ,STORNOWAY                     , 1420 , 1420 , 0 , 1799 , 1799 , 0 ,-21.06726 ,N,N
04-Jun-2013 11:03,201211,201111,Other Reporting Airports      ,EDINBURGH                     ,SUMBURGH                      , 2677 , 2677 , 0 , 2435 , 2435 , 0 , 9.938398 ,N,N
04-Jun-2013 11:03,201211,201111,Other Reporting Airports      ,EDINBURGH                     ,WICK JOHN O GROATS            , 900 , 900 , 0 , 690 , 690 , 0 , 30.43478 ,N,N
04-Jun-2013 11:03,201211,201111,Other Reporting Airports      ,EXETER                        ,GLASGOW                       , 1927 , 1927 , 0 , 1961 , 1961 , 0 ,-1.733809 ,N,N
04-Jun-2013 11:03,201211,201111,Other Reporting Airports      ,EXETER                        ,GUERNSEY                      , 1645 , 1645 , 0 , 1595 , 1595 , 0 , 3.134796 ,N,N
04-Jun-2013 11:03,201211,201111,Other Reporting Airports      ,EXETER                        ,JERSEY                        , 2887 , 2887 , 0 , 2535 , 2535 , 0 , 13.8856 ,N,N
04-Jun-2013 11:03,201211,201111,Other Reporting Airports      ,EXETER                        ,LEEDS BRADFORD                , 0 , 0 , 0 , 740 , 740 , 0 ,-100 ,N,N
04-Jun-2013 11:03,201211,201111,Other Reporting Airports      ,EXETER                        ,MANCHESTER                    , 7758 , 7758 , 0 , 3779 , 3779 , 0 , 105.2924 ,N,N
04-Jun-2013 11:03,201211,201111,Other Reporting Airports      ,EXETER                        ,NEWCASTLE                     , 2875 , 2875 , 0 , 1429 , 1429 , 0 , 101.1896 ,N,N
04-Jun-2013 11:03,201211,201111,Other Reporting Airports      ,EXETER                        ,NORWICH                       , 378 , 378 , 0 , 0 , 0 , 0 ,Null,N,N
04-Jun-2013 11:03,201211,201111,Other Reporting Airports      ,FAIR ISLE                     ,LERWICK (TINGWALL)            , 170 , 170 , 0 , 106 , 106 , 0 , 60.37736 ,N,N
04-Jun-2013 11:03,201211,201111,Other Reporting Airports      ,FARNBOROUGH                   ,GUERNSEY                      , 10 , 0 , 10 , 3 , 0 , 3 , 233.3333 ,Y,Y
04-Jun-2013 11:03,201211,201111,Other Reporting Airports      ,FARNBOROUGH                   ,LIVERPOOL (JOHN LENNON)       , 62 , 0 , 62 , 0 , 0 , 0 ,Null,N,N
04-Jun-2013 11:03,201211,201111,Other Reporting Airports      ,FARNBOROUGH                   ,MANCHESTER                    , 74 , 0 , 74 , 0 , 0 , 0 ,Null,N,N
04-Jun-2013 11:03,201211,201111,Other Reporting Airports      ,FARNBOROUGH                   ,NEWCASTLE                     , 0 , 0 , 0 , 30 , 0 , 30 ,-100 ,N,N
04-Jun-2013 11:03,201211,201111,Other Reporting Airports      ,FARNBOROUGH                   ,WICK JOHN O GROATS            , 0 , 0 , 0 , 67 , 0 , 67 ,-100 ,N,N
04-Jun-2013 11:03,201211,201111,Other Reporting Airports      ,FOULA                         ,LERWICK (TINGWALL)            , 115 , 115 , 0 , 71 , 71 , 0 , 61.97183 ,N,N
04-Jun-2013 11:03,201211,201111,London Area Airports          ,GATWICK                       ,ABERDEEN                      , 15508 , 15508 , 0 , 19759 , 19759 , 0 ,-21.51425 ,N,N
04-Jun-2013 11:03,201211,201111,London Area Airports          ,GATWICK                       ,BELFAST CITY (GEORGE BEST)    , 36503 , 36476 , 27 , 21114 , 21114 , 0 , 72.88529 ,N,N
04-Jun-2013 11:03,201211,201111,London Area Airports          ,GATWICK                       ,BELFAST INTERNATIONAL         , 26773 , 26726 , 47 , 26691 , 26691 , 0 , 0.3072197 ,N,N
04-Jun-2013 11:03,201211,201111,London Area Airports          ,GATWICK                       ,BLACKPOOL                     , 0 , 0 , 0 , 45 , 0 , 45 ,-100 ,N,N
04-Jun-2013 11:03,201211,201111,London Area Airports          ,GATWICK                       ,CARDIFF WALES                 , 37 , 0 , 37 , 0 , 0 , 0 ,Null,N,N
04-Jun-2013 11:03,201211,201111,London Area Airports          ,GATWICK                       ,EDINBURGH                     , 60117 , 60117 , 0 , 52846 , 52846 , 0 , 13.75885 ,N,N
04-Jun-2013 11:03,201211,201111,London Area Airports          ,GATWICK                       ,GLASGOW                       , 51721 , 51721 , 0 , 50270 , 50270 , 0 , 2.886413 ,N,N
04-Jun-2013 11:03,201211,201111,London Area Airports          ,GATWICK                       ,GUERNSEY                      , 26325 , 26325 , 0 , 27041 , 27041 , 0 ,-2.647831 ,N,N
04-Jun-2013 11:03,201211,201111,London Area Airports          ,GATWICK                       ,INVERNESS                     , 15458 , 15458 , 0 , 17082 , 17082 , 0 ,-9.507084 ,N,N
04-Jun-2013 11:03,201211,201111,London Area Airports          ,GATWICK                       ,ISLE OF MAN                   , 13332 , 13294 , 38 , 10332 , 10332 , 0 , 29.03601 ,N,N
04-Jun-2013 11:03,201211,201111,London Area Airports          ,GATWICK                       ,JERSEY                        , 44407 , 44407 , 0 , 41821 , 41821 , 0 , 6.183496 ,N,N
04-Jun-2013 11:03,201211,201111,London Area Airports          ,GATWICK                       ,LEEDS BRADFORD                , 132 , 0 , 132 , 0 , 0 , 0 ,Null,N,N
04-Jun-2013 11:03,201211,201111,London Area Airports          ,GATWICK                       ,LIVERPOOL (JOHN LENNON)       , 145 , 0 , 145 , 0 , 0 , 0 ,Null,N,N
04-Jun-2013 11:03,201211,201111,London Area Airports          ,GATWICK                       ,MANCHESTER                    , 17363 , 17335 , 28 , 19633 , 19633 , 0 ,-11.56217 ,N,N
04-Jun-2013 11:03,201211,201111,London Area Airports          ,GATWICK                       ,NEWCASTLE                     , 7143 , 7143 , 0 , 7107 , 7070 , 37 , 0.5065429 ,N,N
04-Jun-2013 11:03,201211,201111,London Area Airports          ,GATWICK                       ,NEWQUAY                       , 7864 , 7864 , 0 , 7178 , 7178 , 0 , 9.55698 ,N,N
04-Jun-2013 11:03,201211,201111,Other Reporting Airports      ,GLASGOW                       ,ISLAY                         , 1888 , 1888 , 0 , 1724 , 1724 , 0 , 9.512761 ,N,N
04-Jun-2013 11:03,201211,201111,Other Reporting Airports      ,GLASGOW                       ,ISLE OF MAN                   , 673 , 673 , 0 , 544 , 544 , 0 , 23.71324 ,N,N
04-Jun-2013 11:03,201211,201111,Other Reporting Airports      ,GLASGOW                       ,JERSEY                        , 1888 , 1888 , 0 , 0 , 0 , 0 ,Null,N,N
04-Jun-2013 11:03,201211,201111,Other Reporting Airports      ,GLASGOW                       ,KIRKWALL                      , 1252 , 1252 , 0 , 1164 , 1164 , 0 , 7.560137 ,N,N
04-Jun-2013 11:03,201211,201111,Other Reporting Airports      ,GLASGOW                       ,LEEDS BRADFORD                , 1287 , 1287 , 0 , 1196 , 1196 , 0 , 7.608696 ,N,N
04-Jun-2013 11:03,201211,201111,Other Reporting Airports      ,GLASGOW                       ,MANCHESTER                    , 4932 , 4932 , 0 , 4669 , 4669 , 0 , 5.632898 ,N,N
04-Jun-2013 11:03,201211,201111,Other Reporting Airports      ,GLASGOW                       ,SOUTHAMPTON                   , 14443 , 14443 , 0 , 13968 , 13968 , 0 , 3.40063 ,N,N
04-Jun-2013 11:03,201211,201111,Other Reporting Airports      ,GLASGOW                       ,STORNOWAY                     , 4537 , 4537 , 0 , 4156 , 4156 , 0 , 9.167469 ,N,N
04-Jun-2013 11:03,201211,201111,Other Reporting Airports      ,GLASGOW                       ,SUMBURGH                      , 1542 , 1542 , 0 , 1374 , 1374 , 0 , 12.22707 ,N,N
04-Jun-2013 11:03,201211,201111,Other Reporting Airports      ,GLASGOW                       ,TIREE                         , 557 , 557 , 0 , 527 , 527 , 0 , 5.6926 ,N,N
04-Jun-2013 11:03,201211,201111,Other Reporting Airports      ,GLOUCESTERSHIRE               ,ISLE OF MAN                   , 1224 , 1224 , 0 , 1108 , 1108 , 0 , 10.46931 ,N,N
04-Jun-2013 11:03,201211,201111,Other Reporting Airports      ,GUERNSEY                      ,JERSEY                        , 12544 , 12544 , 0 , 14883 , 14883 , 0 ,-15.71592 ,N,N
04-Jun-2013 11:03,201211,201111,Other Reporting Airports      ,GUERNSEY                      ,MANCHESTER                    , 4333 , 4333 , 0 , 4584 , 4584 , 0 ,-5.475567 ,N,N
04-Jun-2013 11:03,201211,201111,Other Reporting Airports      ,GUERNSEY                      ,SOUTHAMPTON                   , 11099 , 11099 , 0 , 10905 , 10905 , 0 , 1.779 ,N,N
04-Jun-2013 11:03,201211,201111,London Area Airports          ,HEATHROW                      ,ABERDEEN                      , 56453 , 56453 , 0 , 50049 , 50049 , 0 , 12.79546 ,N,N
04-Jun-2013 11:03,201211,201111,London Area Airports          ,HEATHROW                      ,BELFAST CITY (GEORGE BEST)    , 51212 , 51212 , 0 , 35090 , 35090 , 0 , 45.94471 ,N,N
04-Jun-2013 11:03,201211,201111,London Area Airports          ,HEATHROW                      ,BELFAST INTERNATIONAL         , 0 , 0 , 0 , 20928 , 20928 , 0 ,-100 ,N,N
04-Jun-2013 11:03,201211,201111,London Area Airports          ,HEATHROW                      ,EDINBURGH                     , 95000 , 95000 , 0 , 97733 , 97733 , 0 ,-2.796394 ,N,N
04-Jun-2013 11:03,201211,201111,London Area Airports          ,HEATHROW                      ,GLASGOW                       , 79063 , 79063 , 0 , 64872 , 64872 , 0 , 21.87539 ,N,N
04-Jun-2013 11:03,201211,201111,London Area Airports          ,HEATHROW                      ,LIVERPOOL (JOHN LENNON)       , 0 , 0 , 0 , 28 , 0 , 28 ,-100 ,N,N
04-Jun-2013 11:03,201211,201111,London Area Airports          ,HEATHROW                      ,MANCHESTER                    , 60302 , 60183 , 119 , 66022 , 66022 , 0 ,-8.663778 ,N,N
04-Jun-2013 11:03,201211,201111,London Area Airports          ,HEATHROW                      ,NEWCASTLE                     , 41306 , 41238 , 68 , 41172 , 41172 , 0 , 0.3254639 ,N,N
04-Jun-2013 11:03,201211,201111,Other Reporting Airports      ,HUMBERSIDE                    ,LEEDS BRADFORD                , 0 , 0 , 0 , 30 , 0 , 30 ,-100 ,N,N
04-Jun-2013 11:03,201211,201111,Other Reporting Airports      ,HUMBERSIDE                    ,NORWICH                       , 141 , 141 , 0 , 89 , 89 , 0 , 58.42697 ,N,N
04-Jun-2013 11:03,201211,201111,Other Reporting Airports      ,HUMBERSIDE                    ,SOUTHAMPTON                   , 0 , 0 , 0 , 58 , 0 , 58 ,-100 ,N,N
04-Jun-2013 11:03,201211,201111,Other Reporting Airports      ,INVERNESS                     ,KIRKWALL                      , 1681 , 1681 , 0 , 1069 , 1069 , 0 , 57.24977 ,N,N
04-Jun-2013 11:03,201211,201111,Other Reporting Airports      ,INVERNESS                     ,MANCHESTER                    , 4435 , 4435 , 0 , 3936 , 3936 , 0 , 12.67785 ,N,N
04-Jun-2013 11:03,201211,201111,Other Reporting Airports      ,INVERNESS                     ,STORNOWAY                     , 3040 , 3040 , 0 , 3393 , 3393 , 0 ,-10.40377 ,N,N
04-Jun-2013 11:03,201211,201111,Other Reporting Airports      ,INVERNESS                     ,SUMBURGH                      , 234 , 234 , 0 , 476 , 476 , 0 ,-50.84034 ,N,N
04-Jun-2013 11:03,201211,201111,Other Reporting Airports      ,ISLE OF MAN                   ,JERSEY                        , 228 , 228 , 0 , 230 , 230 , 0 ,-0.8695652 ,N,N
04-Jun-2013 11:03,201211,201111,Other Reporting Airports      ,ISLE OF MAN                   ,LEEDS BRADFORD                , 509 , 509 , 0 , 647 , 647 , 0 ,-21.32921 ,N,N
04-Jun-2013 11:03,201211,201111,Other Reporting Airports      ,ISLE OF MAN                   ,LIVERPOOL (JOHN LENNON)       , 16220 , 16220 , 0 , 14039 , 14039 , 0 , 15.53529 ,N,N
04-Jun-2013 11:03,201211,201111,Other Reporting Airports      ,ISLE OF MAN                   ,MANCHESTER                    , 10139 , 10139 , 0 , 9962 , 9962 , 0 , 1.776752 ,N,N
04-Jun-2013 11:03,201211,201111,Other Reporting Airports      ,ISLE OF MAN                   ,NEWCASTLE                     , 415 , 415 , 0 , 417 , 417 , 0 ,-0.4796163 ,N,N
04-Jun-2013 11:03,201211,201111,Other Reporting Airports      ,ISLE OF MAN                   ,OXFORD (KIDLINGTON)           , 313 , 313 , 0 , 0 , 0 , 0 ,Null,N,N
04-Jun-2013 11:03,201211,201111,Other Reporting Airports      ,ISLE OF MAN                   ,SOUTHAMPTON                   , 0 , 0 , 0 , 1074 , 1074 , 0 ,-100 ,N,N
04-Jun-2013 11:03,201211,201111,Other Reporting Airports      ,ISLES OF SCILLY (ST.MARYS)    ,NEWQUAY                       , 930 , 930 , 0 , 425 , 425 , 0 , 118.8235 ,N,N
04-Jun-2013 11:03,201211,201111,Other Reporting Airports      ,JERSEY                        ,LEEDS BRADFORD                , 407 , 407 , 0 , 0 , 0 , 0 ,Null,N,N
04-Jun-2013 11:03,201211,201111,Other Reporting Airports      ,JERSEY                        ,LIVERPOOL (JOHN LENNON)       , 4746 , 4746 , 0 , 4700 , 4700 , 0 , 0.9787234 ,N,N
04-Jun-2013 11:03,201211,201111,Other Reporting Airports      ,JERSEY                        ,MANCHESTER                    , 4280 , 4280 , 0 , 4184 , 4184 , 0 , 2.294455 ,N,N
04-Jun-2013 11:03,201211,201111,Other Reporting Airports      ,JERSEY                        ,NEWCASTLE                     , 296 , 0 , 296 , 164 , 164 , 0 , 80.48781 ,N,N
04-Jun-2013 11:03,201211,201111,Other Reporting Airports      ,JERSEY                        ,OXFORD (KIDLINGTON)           , 330 , 330 , 0 , 0 , 0 , 0 ,Null,N,N
04-Jun-2013 11:03,201211,201111,Other Reporting Airports      ,JERSEY                        ,SOUTHAMPTON                   , 12357 , 12357 , 0 , 11534 , 11534 , 0 , 7.135426 ,N,N
04-Jun-2013 11:03,201211,201111,Other Reporting Airports      ,KIRKWALL                      ,NORTH RONALDSAY               , 442 , 442 , 0 , 372 , 372 , 0 , 18.8172 ,N,N
04-Jun-2013 11:03,201211,201111,Other Reporting Airports      ,KIRKWALL                      ,PAPA WESTRAY                  , 339 , 339 , 0 , 265 , 265 , 0 , 27.92453 ,N,N
04-Jun-2013 11:03,201211,201111,Other Reporting Airports      ,KIRKWALL                      ,SANDAY                        , 321 , 321 , 0 , 232 , 232 , 0 , 38.36207 ,N,N
04-Jun-2013 11:03,201211,201111,Other Reporting Airports      ,KIRKWALL                      ,STRONSAY                      , 214 , 214 , 0 , 296 , 296 , 0 ,-27.7027 ,N,N
04-Jun-2013 11:03,201211,201111,Other Reporting Airports      ,KIRKWALL                      ,SUMBURGH                      , 664 , 664 , 0 , 532 , 532 , 0 , 24.81203 ,N,N
04-Jun-2013 11:03,201211,201111,Other Reporting Airports      ,KIRKWALL                      ,WESTRAY                       , 233 , 233 , 0 , 247 , 247 , 0 ,-5.668016 ,N,N
04-Jun-2013 11:03,201211,201111,Other Reporting Airports      ,LEEDS BRADFORD                ,NEWQUAY                       , 0 , 0 , 0 , 23 , 23 , 0 ,-100 ,N,N
04-Jun-2013 11:03,201211,201111,Other Reporting Airports      ,LEEDS BRADFORD                ,SOUTHAMPTON                   , 5499 , 5499 , 0 , 4989 , 4989 , 0 , 10.22249 ,N,N
04-Jun-2013 11:03,201211,201111,Other Reporting Airports      ,LERWICK (TINGWALL)            ,OUT SKERRIES                  , 25 , 25 , 0 , 9 , 9 , 0 , 177.7778 ,N,N
04-Jun-2013 11:03,201211,201111,Other Reporting Airports      ,LERWICK (TINGWALL)            ,PAPA STOUR                    , 0 , 0 , 0 , 8 , 8 , 0 ,-100 ,N,N
04-Jun-2013 11:03,201211,201111,Other Reporting Airports      ,LIVERPOOL (JOHN LENNON)       ,NEWCASTLE                     , 119 , 0 , 119 , 30 , 0 , 30 , 296.6667 ,N,N
04-Jun-2013 11:03,201211,201111,Other Reporting Airports      ,LIVERPOOL (JOHN LENNON)       ,NORWICH                       , 61 , 0 , 61 , 0 , 0 , 0 ,Null,N,N
04-Jun-2013 11:03,201211,201111,Other Reporting Airports      ,LIVERPOOL (JOHN LENNON)       ,SOUTHAMPTON                   , 40 , 0 , 40 , 0 , 0 , 0 ,Null,N,N
04-Jun-2013 11:03,201211,201111,London Area Airports          ,LONDON CITY                   ,ABERDEEN                      , 5586 , 5586 , 0 , 29 , 29 , 0 , 19162.07 ,N,N
04-Jun-2013 11:03,201211,201111,London Area Airports          ,LONDON CITY                   ,DUNDEE                        , 2535 , 2535 , 0 , 2319 , 2319 , 0 , 9.31436 ,N,N
04-Jun-2013 11:03,201211,201111,London Area Airports          ,LONDON CITY                   ,EDINBURGH                     , 34831 , 34831 , 0 , 31134 , 31134 , 0 , 11.87448 ,N,N
04-Jun-2013 11:03,201211,201111,London Area Airports          ,LONDON CITY                   ,GLASGOW                       , 15481 , 15481 , 0 , 13331 , 13331 , 0 , 16.12782 ,N,N
04-Jun-2013 11:03,201211,201111,London Area Airports          ,LONDON CITY                   ,ISLE OF MAN                   , 4393 , 4393 , 0 , 3855 , 3855 , 0 , 13.9559 ,N,N
04-Jun-2013 11:03,201211,201111,London Area Airports          ,LONDON CITY                   ,JERSEY                        , 2451 , 2451 , 0 , 1907 , 1907 , 0 , 28.52648 ,N,N
04-Jun-2013 11:03,201211,201111,London Area Airports          ,LUTON                         ,ABERDEEN                      , 5926 , 5926 , 0 , 10362 , 10354 , 8 ,-42.81027 ,N,N
04-Jun-2013 11:03,201211,201111,London Area Airports          ,LUTON                         ,BELFAST INTERNATIONAL         , 18435 , 18435 , 0 , 18804 , 18804 , 0 ,-1.962348 ,N,N
04-Jun-2013 11:03,201211,201111,London Area Airports          ,LUTON                         ,EDINBURGH                     , 24346 , 24339 , 7 , 24073 , 24073 , 0 , 1.134051 ,N,N
04-Jun-2013 11:03,201211,201111,London Area Airports          ,LUTON                         ,GLASGOW                       , 23962 , 23962 , 0 , 24008 , 24008 , 0 ,-0.1916028 ,N,N
04-Jun-2013 11:03,201211,201111,London Area Airports          ,LUTON                         ,INVERNESS                     , 6032 , 6032 , 0 , 6182 , 6168 , 14 ,-2.426399 ,N,N
04-Jun-2013 11:03,201211,201111,London Area Airports          ,LUTON                         ,ISLE OF MAN                   , 873 , 873 , 0 , 1081 , 1081 , 0 ,-19.24144 ,N,N
04-Jun-2013 11:03,201211,201111,London Area Airports          ,LUTON                         ,JERSEY                        , 599 , 599 , 0 , 838 , 827 , 11 ,-28.52029 ,N,N
04-Jun-2013 11:03,201211,201111,London Area Airports          ,LUTON                         ,LIVERPOOL (JOHN LENNON)       , 34 , 0 , 34 , 0 , 0 , 0 ,Null,N,N
04-Jun-2013 11:03,201211,201111,London Area Airports          ,LUTON                         ,LYDD                          , 0 , 0 , 0 , 5 , 0 , 5 ,-100 ,N,Y
04-Jun-2013 11:03,201211,201111,London Area Airports          ,LUTON                         ,MANCHESTER                    , 0 , 0 , 0 , 53 , 0 , 53 ,-100 ,N,N
04-Jun-2013 11:03,201211,201111,London Area Airports          ,LUTON                         ,NEWCASTLE                     , 75 , 0 , 75 , 0 , 0 , 0 ,Null,N,N
04-Jun-2013 11:03,201211,201111,London Area Airports          ,LUTON                         ,NORWICH                       , 0 , 0 , 0 , 52 , 0 , 52 ,-100 ,N,N
04-Jun-2013 11:03,201211,201111,Other Reporting Airports      ,MANCHESTER                    ,NEWCASTLE                     , 78 , 0 , 78 , 0 , 0 , 0 ,Null,N,N
04-Jun-2013 11:03,201211,201111,Other Reporting Airports      ,MANCHESTER                    ,NEWQUAY                       , 1706 , 1706 , 0 , 1586 , 1586 , 0 , 7.566204 ,N,N
04-Jun-2013 11:03,201211,201111,Other Reporting Airports      ,MANCHESTER                    ,NORWICH                       , 3260 , 3111 , 149 , 2314 , 2314 , 0 , 40.88159 ,N,N
04-Jun-2013 11:03,201211,201111,Other Reporting Airports      ,MANCHESTER                    ,SOUTHAMPTON                   , 9723 , 9723 , 0 , 9662 , 9662 , 0 , 0.6313393 ,N,N
04-Jun-2013 11:03,201211,201111,Other Reporting Airports      ,NEWCASTLE                     ,SOUTHAMPTON                   , 8215 , 8135 , 80 , 7328 , 7328 , 0 , 12.10426 ,N,N
04-Jun-2013 11:03,201211,201111,Other Reporting Airports      ,NORWICH                       ,SOUTHAMPTON                   , 34 , 0 , 34 , 0 , 0 , 0 ,Null,N,N
04-Jun-2013 11:03,201211,201111,London Area Airports          ,SOUTHEND                      ,BELFAST INTERNATIONAL         , 8748 , 8748 , 0 , 0 , 0 , 0 ,Null,N,N
04-Jun-2013 11:03,201211,201111,London Area Airports          ,SOUTHEND                      ,JERSEY                        , 2693 , 2693 , 0 , 0 , 0 , 0 ,Null,N,N
04-Jun-2013 11:03,201211,201111,London Area Airports          ,STANSTED                      ,BELFAST CITY (GEORGE BEST)    , 0 , 0 , 0 , 7650 , 7650 , 0 ,-100 ,N,N
04-Jun-2013 11:03,201211,201111,London Area Airports          ,STANSTED                      ,BELFAST INTERNATIONAL         , 26944 , 26944 , 0 , 29745 , 29745 , 0 ,-9.416709 ,N,N
04-Jun-2013 11:03,201211,201111,London Area Airports          ,STANSTED                      ,BIRMINGHAM                    , 2 , 0 , 2 , 0 , 0 , 0 ,Null,N,N
04-Jun-2013 11:03,201211,201111,London Area Airports          ,STANSTED                      ,CITY OF DERRY (EGLINTON)      , 10957 , 10957 , 0 , 11006 , 11006 , 0 ,-0.4452117 ,N,N
04-Jun-2013 11:03,201211,201111,London Area Airports          ,STANSTED                      ,EDINBURGH                     , 29702 , 29702 , 0 , 32826 , 32826 , 0 ,-9.516847 ,N,N
04-Jun-2013 11:03,201211,201111,London Area Airports          ,STANSTED                      ,GLASGOW                       , 25784 , 25784 , 0 , 28694 , 28694 , 0 ,-10.14149 ,N,N
04-Jun-2013 11:03,201211,201111,London Area Airports          ,STANSTED                      ,GUERNSEY                      , 1601 , 1601 , 0 , 1758 , 1758 , 0 ,-8.930603 ,N,N
04-Jun-2013 11:03,201211,201111,London Area Airports          ,STANSTED                      ,JERSEY                        , 138 , 138 , 0 , 0 , 0 , 0 ,Null,N,N
04-Jun-2013 11:03,201211,201111,London Area Airports          ,STANSTED                      ,MANCHESTER                    , 99 , 0 , 99 , 0 , 0 , 0 ,Null,N,N
04-Jun-2013 11:03,201211,201111,London Area Airports          ,STANSTED                      ,NORWICH                       , 39 , 0 , 39 , 0 , 0 , 0 ,Null,N,N
