rundate,this_period,last_period,group_name,airport_1_name,airport_2_name,total_pax_this_period,total_pax_scheduled_this_period,total_pax_charter_this_period,total_pax_last_period,total_pax_scheduled_last_period,total_pax_charter_last_period,total_pax_percent,charters_tm_only_small_acf,charters_lm_only_small_acf
17-Apr-2013 15:11,201302,201202,Other Reporting Airports      ,ABERDEEN                      ,BELFAST CITY (GEORGE BEST)    , 2003 , 2003 , 0 , 1048 , 1048 , 0 , 91.12595 ,N,N
17-Apr-2013 15:11,201302,201202,Other Reporting Airports      ,ABERDEEN                      ,BIRMINGHAM                    , 6027 , 6027 , 0 , 6206 , 6206 , 0 ,-2.884305 ,N,N
17-Apr-2013 15:11,201302,201202,Other Reporting Airports      ,ABERDEEN                      ,BRISTOL                       , 3303 , 3303 , 0 , 2998 , 2998 , 0 , 10.17345 ,N,N
17-Apr-2013 15:11,201302,201202,Other Reporting Airports      ,ABERDEEN                      ,CARDIFF WALES                 , 1074 , 1074 , 0 , 1180 , 1180 , 0 ,-8.983051 ,N,N
17-Apr-2013 15:11,201302,201202,Other Reporting Airports      ,ABERDEEN                      ,DURHAM TEES VALLEY            , 2546 , 2546 , 0 , 2796 , 2796 , 0 ,-8.941345 ,N,N
17-Apr-2013 15:11,201302,201202,Other Reporting Airports      ,ABERDEEN                      ,EAST MIDLANDS INTERNATIONAL   , 1844 , 1844 , 0 , 1699 , 1699 , 0 , 8.534432 ,N,N
17-Apr-2013 15:11,201302,201202,Other Reporting Airports      ,ABERDEEN                      ,EXETER                        , 0 , 0 , 0 , 1654 , 1654 , 0 ,-100 ,N,N
17-Apr-2013 15:11,201302,201202,Other Reporting Airports      ,ABERDEEN                      ,GLASGOW                       , 28 , 0 , 28 , 0 , 0 , 0 ,Null,N,N
17-Apr-2013 15:11,201302,201202,Other Reporting Airports      ,ABERDEEN                      ,HUMBERSIDE                    , 2637 , 2637 , 0 , 2570 , 2570 , 0 , 2.607004 ,N,N
17-Apr-2013 15:11,201302,201202,Other Reporting Airports      ,ABERDEEN                      ,KIRKWALL                      , 3521 , 3428 , 93 , 3416 , 3371 , 45 , 3.073771 ,N,N
17-Apr-2013 15:11,201302,201202,Other Reporting Airports      ,ABERDEEN                      ,LEEDS BRADFORD                , 340 , 340 , 0 , 0 , 0 , 0 ,Null,N,N
17-Apr-2013 15:11,201302,201202,Other Reporting Airports      ,ABERDEEN                      ,MANCHESTER                    , 14796 , 14507 , 289 , 12547 , 11971 , 576 , 17.9246 ,N,N
17-Apr-2013 15:11,201302,201202,Other Reporting Airports      ,ABERDEEN                      ,NEWCASTLE                     , 2567 , 2567 , 0 , 2020 , 2020 , 0 , 27.07921 ,N,N
17-Apr-2013 15:11,201302,201202,Other Reporting Airports      ,ABERDEEN                      ,NORWICH                       , 5212 , 5212 , 0 , 5074 , 5074 , 0 , 2.719748 ,N,N
17-Apr-2013 15:11,201302,201202,Other Reporting Airports      ,ABERDEEN                      ,SCATSTA                       , 14299 , 0 , 14299 , 12409 , 0 , 12409 , 15.23088 ,N,N
17-Apr-2013 15:11,201302,201202,Other Reporting Airports      ,ABERDEEN                      ,SOUTHAMPTON                   , 1142 , 1142 , 0 , 1400 , 1400 , 0 ,-18.42857 ,N,N
17-Apr-2013 15:11,201302,201202,Other Reporting Airports      ,ABERDEEN                      ,STORNOWAY                     , 405 , 405 , 0 , 499 , 499 , 0 ,-18.83768 ,N,N
17-Apr-2013 15:11,201302,201202,Other Reporting Airports      ,ABERDEEN                      ,SUMBURGH                      , 6599 , 4531 , 2068 , 5775 , 5375 , 400 , 14.2684 ,N,N
17-Apr-2013 15:11,201302,201202,Other Reporting Airports      ,ABERDEEN                      ,WICK JOHN O GROATS            , 1741 , 1741 , 0 , 1240 , 1240 , 0 , 40.40322 ,N,N
17-Apr-2013 15:11,201302,201202,Other Reporting Airports      ,ALDERNEY                      ,GUERNSEY                      , 2228 , 2228 , 0 , 2171 , 2171 , 0 , 2.625518 ,N,N
17-Apr-2013 15:11,201302,201202,Other Reporting Airports      ,ALDERNEY                      ,SOUTHAMPTON                   , 1178 , 1178 , 0 , 1162 , 1162 , 0 , 1.376936 ,N,N
17-Apr-2013 15:11,201302,201202,Other Reporting Airports      ,ANGLESEY (VALLEY)             ,CARDIFF WALES                 , 724 , 724 , 0 , 728 , 728 , 0 ,-0.5494506 ,N,N
17-Apr-2013 15:11,201302,201202,Other Reporting Airports      ,BARRA                         ,BENBECULA                     , 89 , 89 , 0 , 97 , 97 , 0 ,-8.247422 ,N,N
17-Apr-2013 15:11,201302,201202,Other Reporting Airports      ,BARRA                         ,GLASGOW                       , 448 , 448 , 0 , 386 , 386 , 0 , 16.06218 ,N,N
17-Apr-2013 15:11,201302,201202,Other Reporting Airports      ,BELFAST CITY (GEORGE BEST)    ,BIRMINGHAM                    , 19999 , 19999 , 0 , 23353 , 23353 , 0 ,-14.36218 ,N,N
17-Apr-2013 15:11,201302,201202,Other Reporting Airports      ,BELFAST CITY (GEORGE BEST)    ,BLACKPOOL                     , 1056 , 1056 , 0 , 1100 , 1100 , 0 ,-4 ,N,N
17-Apr-2013 15:11,201302,201202,Other Reporting Airports      ,BELFAST CITY (GEORGE BEST)    ,BRISTOL                       , 0 , 0 , 0 , 2732 , 2732 , 0 ,-100 ,N,N
17-Apr-2013 15:11,201302,201202,Other Reporting Airports      ,BELFAST CITY (GEORGE BEST)    ,CARDIFF WALES                 , 3014 , 3014 , 0 , 2705 , 2705 , 0 , 11.42329 ,N,N
17-Apr-2013 15:11,201302,201202,Other Reporting Airports      ,BELFAST CITY (GEORGE BEST)    ,DUNDEE                        , 0 , 0 , 0 , 693 , 693 , 0 ,-100 ,N,N
17-Apr-2013 15:11,201302,201202,Other Reporting Airports      ,BELFAST CITY (GEORGE BEST)    ,EAST MIDLANDS INTERNATIONAL   , 9123 , 9123 , 0 , 16007 , 16007 , 0 ,-43.00618 ,N,N
17-Apr-2013 15:11,201302,201202,Other Reporting Airports      ,BELFAST CITY (GEORGE BEST)    ,EDINBURGH                     , 7205 , 7205 , 0 , 9281 , 9281 , 0 ,-22.36828 ,N,N
17-Apr-2013 15:11,201302,201202,Other Reporting Airports      ,BELFAST CITY (GEORGE BEST)    ,EXETER                        , 669 , 669 , 0 , 766 , 766 , 0 ,-12.66319 ,N,N
17-Apr-2013 15:11,201302,201202,Other Reporting Airports      ,BELFAST CITY (GEORGE BEST)    ,GLASGOW                       , 7193 , 7193 , 0 , 7438 , 7438 , 0 ,-3.293896 ,N,N
17-Apr-2013 15:11,201302,201202,Other Reporting Airports      ,BELFAST CITY (GEORGE BEST)    ,INVERNESS                     , 1404 , 1404 , 0 , 1413 , 1413 , 0 ,-0.6369427 ,N,N
17-Apr-2013 15:11,201302,201202,Other Reporting Airports      ,BELFAST CITY (GEORGE BEST)    ,ISLE OF MAN                   , 813 , 813 , 0 , 1116 , 1116 , 0 ,-27.15054 ,N,N
17-Apr-2013 15:11,201302,201202,Other Reporting Airports      ,BELFAST CITY (GEORGE BEST)    ,LEEDS BRADFORD                , 7598 , 7598 , 0 , 6663 , 6663 , 0 , 14.03272 ,N,N
17-Apr-2013 15:11,201302,201202,Other Reporting Airports      ,BELFAST CITY (GEORGE BEST)    ,MANCHESTER                    , 20371 , 20371 , 0 , 20639 , 20639 , 0 ,-1.298513 ,N,N
17-Apr-2013 15:11,201302,201202,Other Reporting Airports      ,BELFAST CITY (GEORGE BEST)    ,NEWCASTLE                     , 2238 , 2238 , 0 , 2841 , 2841 , 0 ,-21.22492 ,N,N
17-Apr-2013 15:11,201302,201202,Other Reporting Airports      ,BELFAST CITY (GEORGE BEST)    ,SOUTHAMPTON                   , 4709 , 4709 , 0 , 5589 , 5589 , 0 ,-15.74521 ,N,N
17-Apr-2013 15:11,201302,201202,Other Reporting Airports      ,BELFAST INTERNATIONAL         ,BIRMINGHAM                    , 11141 , 11141 , 0 , 0 , 0 , 0 ,Null,N,N
17-Apr-2013 15:11,201302,201202,Other Reporting Airports      ,BELFAST INTERNATIONAL         ,BRISTOL                       , 17711 , 17711 , 0 , 15521 , 15521 , 0 , 14.10992 ,N,N
17-Apr-2013 15:11,201302,201202,Other Reporting Airports      ,BELFAST INTERNATIONAL         ,EDINBURGH                     , 21199 , 21199 , 0 , 18747 , 18747 , 0 , 13.07943 ,N,N
17-Apr-2013 15:11,201302,201202,Other Reporting Airports      ,BELFAST INTERNATIONAL         ,GLASGOW                       , 20996 , 20996 , 0 , 20068 , 20068 , 0 , 4.624278 ,N,N
17-Apr-2013 15:11,201302,201202,Other Reporting Airports      ,BELFAST INTERNATIONAL         ,LEEDS BRADFORD                , 3894 , 3894 , 0 , 4247 , 4247 , 0 ,-8.311749 ,N,N
17-Apr-2013 15:11,201302,201202,Other Reporting Airports      ,BELFAST INTERNATIONAL         ,LIVERPOOL (JOHN LENNON)       , 35506 , 35506 , 0 , 34724 , 34724 , 0 , 2.252045 ,N,N
17-Apr-2013 15:11,201302,201202,Other Reporting Airports      ,BELFAST INTERNATIONAL         ,MANCHESTER                    , 15653 , 15653 , 0 , 9687 , 9687 , 0 , 61.5877 ,N,N
17-Apr-2013 15:11,201302,201202,Other Reporting Airports      ,BELFAST INTERNATIONAL         ,NEWCASTLE                     , 16622 , 16622 , 0 , 15867 , 15867 , 0 , 4.758303 ,N,N
17-Apr-2013 15:11,201302,201202,Other Reporting Airports      ,BENBECULA                     ,GLASGOW                       , 1605 , 1605 , 0 , 1493 , 1493 , 0 , 7.501675 ,N,N
17-Apr-2013 15:11,201302,201202,Other Reporting Airports      ,BENBECULA                     ,STORNOWAY                     , 825 , 825 , 0 , 838 , 838 , 0 ,-1.551313 ,N,N
17-Apr-2013 15:11,201302,201202,Other Reporting Airports      ,BIRMINGHAM                    ,CARDIFF WALES                 , 5 , 5 , 0 , 0 , 0 , 0 ,Null,N,N
17-Apr-2013 15:11,201302,201202,Other Reporting Airports      ,BIRMINGHAM                    ,CITY OF DERRY (EGLINTON)      , 3510 , 3510 , 0 , 4194 , 4194 , 0 ,-16.30901 ,N,N
17-Apr-2013 15:11,201302,201202,Other Reporting Airports      ,BIRMINGHAM                    ,DUNDEE                        , 0 , 0 , 0 , 1501 , 1501 , 0 ,-100 ,N,N
17-Apr-2013 15:11,201302,201202,Other Reporting Airports      ,BIRMINGHAM                    ,EDINBURGH                     , 21244 , 21244 , 0 , 22319 , 22319 , 0 ,-4.816524 ,N,N
17-Apr-2013 15:11,201302,201202,Other Reporting Airports      ,BIRMINGHAM                    ,GLASGOW                       , 15816 , 15816 , 0 , 15112 , 15112 , 0 , 4.658549 ,N,N
17-Apr-2013 15:11,201302,201202,Other Reporting Airports      ,BIRMINGHAM                    ,GUERNSEY                      , 2028 , 2028 , 0 , 1782 , 1782 , 0 , 13.80471 ,N,N
17-Apr-2013 15:11,201302,201202,Other Reporting Airports      ,BIRMINGHAM                    ,INVERNESS                     , 1936 , 1936 , 0 , 1975 , 1975 , 0 ,-1.974684 ,N,N
17-Apr-2013 15:11,201302,201202,Other Reporting Airports      ,BIRMINGHAM                    ,ISLE OF MAN                   , 2732 , 2732 , 0 , 3141 , 3141 , 0 ,-13.02133 ,N,N
17-Apr-2013 15:11,201302,201202,Other Reporting Airports      ,BIRMINGHAM                    ,JERSEY                        , 2179 , 2179 , 0 , 2187 , 2187 , 0 ,-0.3657979 ,N,N
17-Apr-2013 15:11,201302,201202,Other Reporting Airports      ,BIRMINGHAM                    ,NEWCASTLE                     , 714 , 714 , 0 , 1120 , 1120 , 0 ,-36.25 ,N,N
17-Apr-2013 15:11,201302,201202,Other Reporting Airports      ,BLACKPOOL                     ,EAST MIDLANDS INTERNATIONAL   , 29 , 0 , 29 , 0 , 0 , 0 ,Null,N,N
17-Apr-2013 15:11,201302,201202,Other Reporting Airports      ,BLACKPOOL                     ,ISLE OF MAN                   , 1385 , 1385 , 0 , 1640 , 1640 , 0 ,-15.54878 ,N,N
17-Apr-2013 15:11,201302,201202,Other Reporting Airports      ,BOURNEMOUTH                   ,JERSEY                        , 13 , 13 , 0 , 129 , 129 , 0 ,-89.92248 ,N,N
17-Apr-2013 15:11,201302,201202,Other Reporting Airports      ,BOURNEMOUTH                   ,MANCHESTER                    , 57 , 0 , 57 , 0 , 0 , 0 ,Null,N,N
17-Apr-2013 15:11,201302,201202,Other Reporting Airports      ,BRISTOL                       ,EDINBURGH                     , 24385 , 24385 , 0 , 24197 , 24197 , 0 , 0.7769558 ,N,N
17-Apr-2013 15:11,201302,201202,Other Reporting Airports      ,BRISTOL                       ,GLASGOW                       , 20440 , 20440 , 0 , 19322 , 19322 , 0 , 5.78615 ,N,N
17-Apr-2013 15:11,201302,201202,Other Reporting Airports      ,BRISTOL                       ,GUERNSEY                      , 1375 , 1375 , 0 , 1236 , 1236 , 0 , 11.24595 ,N,N
17-Apr-2013 15:11,201302,201202,Other Reporting Airports      ,BRISTOL                       ,HAWARDEN                      , 634 , 0 , 634 , 0 , 0 , 0 ,Null,N,N
17-Apr-2013 15:11,201302,201202,Other Reporting Airports      ,BRISTOL                       ,INVERNESS                     , 4664 , 4664 , 0 , 4469 , 4469 , 0 , 4.363392 ,N,N
17-Apr-2013 15:11,201302,201202,Other Reporting Airports      ,BRISTOL                       ,ISLE OF MAN                   , 0 , 0 , 0 , 629 , 629 , 0 ,-100 ,N,N
17-Apr-2013 15:11,201302,201202,Other Reporting Airports      ,BRISTOL                       ,JERSEY                        , 2282 , 2282 , 0 , 2046 , 2046 , 0 , 11.5347 ,N,N
17-Apr-2013 15:11,201302,201202,Other Reporting Airports      ,BRISTOL                       ,LEEDS BRADFORD                , 262 , 262 , 0 , 795 , 795 , 0 ,-67.04402 ,N,N
17-Apr-2013 15:11,201302,201202,Other Reporting Airports      ,BRISTOL                       ,NEWCASTLE                     , 15295 , 15295 , 0 , 15533 , 15533 , 0 ,-1.532222 ,N,N
17-Apr-2013 15:11,201302,201202,Other Reporting Airports      ,CAMBRIDGE                     ,EDINBURGH                     , 1 , 0 , 1 , 0 , 0 , 0 ,Null,Y,N
17-Apr-2013 15:11,201302,201202,Other Reporting Airports      ,CAMPBELTOWN                   ,GLASGOW                       , 550 , 550 , 0 , 602 , 602 , 0 ,-8.637874 ,N,N
17-Apr-2013 15:11,201302,201202,Other Reporting Airports      ,CAMPBELTOWN                   ,ISLAY                         , 0 , 0 , 0 , 11 , 11 , 0 ,-100 ,N,N
17-Apr-2013 15:11,201302,201202,Other Reporting Airports      ,CARDIFF WALES                 ,EDINBURGH                     , 4845 , 4845 , 0 , 5105 , 4897 , 208 ,-5.093046 ,N,N
17-Apr-2013 15:11,201302,201202,Other Reporting Airports      ,CARDIFF WALES                 ,FARNBOROUGH                   , 75 , 0 , 75 , 0 , 0 , 0 ,Null,N,N
17-Apr-2013 15:11,201302,201202,Other Reporting Airports      ,CARDIFF WALES                 ,GLASGOW                       , 3219 , 3219 , 0 , 3433 , 3433 , 0 ,-6.233615 ,N,N
17-Apr-2013 15:11,201302,201202,Other Reporting Airports      ,CARDIFF WALES                 ,LEEDS BRADFORD                , 73 , 0 , 73 , 0 , 0 , 0 ,Null,N,N
17-Apr-2013 15:11,201302,201202,Other Reporting Airports      ,CARDIFF WALES                 ,NEWCASTLE                     , 977 , 977 , 0 , 1204 , 1204 , 0 ,-18.85382 ,N,N
17-Apr-2013 15:11,201302,201202,Other Reporting Airports      ,CARDIFF WALES                 ,NORWICH                       , 0 , 0 , 0 , 56 , 0 , 56 ,-100 ,N,N
17-Apr-2013 15:11,201302,201202,Other Reporting Airports      ,CITY OF DERRY (EGLINTON)      ,LIVERPOOL (JOHN LENNON)       , 6594 , 6594 , 0 , 8448 , 8448 , 0 ,-21.94602 ,N,N
17-Apr-2013 15:11,201302,201202,Other Reporting Airports      ,CITY OF DERRY (EGLINTON)      ,PRESTWICK                     , 5340 , 5340 , 0 , 5706 , 5706 , 0 ,-6.414301 ,N,N
17-Apr-2013 15:11,201302,201202,Other Reporting Airports      ,DURHAM TEES VALLEY            ,FARNBOROUGH                   , 32 , 0 , 32 , 26 , 0 , 26 , 23.07692 ,N,N
17-Apr-2013 15:11,201302,201202,Other Reporting Airports      ,DURHAM TEES VALLEY            ,SOUTHAMPTON                   , 0 , 0 , 0 , 43 , 43 , 0 ,-100 ,N,N
17-Apr-2013 15:11,201302,201202,Other Reporting Airports      ,EAST MIDLANDS INTERNATIONAL   ,EDINBURGH                     , 5713 , 5713 , 0 , 9804 , 9804 , 0 ,-41.72787 ,N,N
17-Apr-2013 15:11,201302,201202,Other Reporting Airports      ,EAST MIDLANDS INTERNATIONAL   ,GLASGOW                       , 5251 , 5251 , 0 , 8973 , 8973 , 0 ,-41.48 ,N,N
17-Apr-2013 15:11,201302,201202,Other Reporting Airports      ,EAST MIDLANDS INTERNATIONAL   ,GUERNSEY                      , 979 , 979 , 0 , 1068 , 1068 , 0 ,-8.333333 ,N,N
17-Apr-2013 15:11,201302,201202,Other Reporting Airports      ,EAST MIDLANDS INTERNATIONAL   ,JERSEY                        , 748 , 748 , 0 , 2659 , 2659 , 0 ,-71.86913 ,N,N
17-Apr-2013 15:11,201302,201202,Other Reporting Airports      ,EDAY                          ,KIRKWALL                      , 100 , 100 , 0 , 53 , 53 , 0 , 88.67924 ,N,N
17-Apr-2013 15:11,201302,201202,Other Reporting Airports      ,EDINBURGH                     ,EXETER                        , 1620 , 1620 , 0 , 3425 , 3425 , 0 ,-52.70073 ,N,N
17-Apr-2013 15:11,201302,201202,Other Reporting Airports      ,EDINBURGH                     ,FARNBOROUGH                   , 2 , 0 , 2 , 0 , 0 , 0 ,Null,Y,N
17-Apr-2013 15:11,201302,201202,Other Reporting Airports      ,EDINBURGH                     ,INVERNESS                     , 18 , 18 , 0 , 0 , 0 , 0 ,Null,N,N
17-Apr-2013 15:11,201302,201202,Other Reporting Airports      ,EDINBURGH                     ,ISLE OF MAN                   , 588 , 588 , 0 , 789 , 789 , 0 ,-25.47528 ,N,N
17-Apr-2013 15:11,201302,201202,Other Reporting Airports      ,EDINBURGH                     ,KIRKWALL                      , 2705 , 2705 , 0 , 2357 , 2357 , 0 , 14.76453 ,N,N
17-Apr-2013 15:11,201302,201202,Other Reporting Airports      ,EDINBURGH                     ,LEEDS BRADFORD                , 0 , 0 , 0 , 437 , 437 , 0 ,-100 ,N,N
17-Apr-2013 15:11,201302,201202,Other Reporting Airports      ,EDINBURGH                     ,MANCHESTER                    , 8293 , 8293 , 0 , 8723 , 8723 , 0 ,-4.929497 ,N,N
17-Apr-2013 15:11,201302,201202,Other Reporting Airports      ,EDINBURGH                     ,MANSTON (KENT INT)            , 0 , 0 , 0 , 1247 , 1247 , 0 ,-100 ,N,N
17-Apr-2013 15:11,201302,201202,Other Reporting Airports      ,EDINBURGH                     ,NORWICH                       , 1583 , 1583 , 0 , 3105 , 3105 , 0 ,-49.01771 ,N,N
17-Apr-2013 15:11,201302,201202,Other Reporting Airports      ,EDINBURGH                     ,SOUTHAMPTON                   , 12821 , 12821 , 0 , 14636 , 14636 , 0 ,-12.40093 ,N,N
17-Apr-2013 15:11,201302,201202,Other Reporting Airports      ,EDINBURGH                     ,STORNOWAY                     , 1340 , 1340 , 0 , 1500 , 1500 , 0 ,-10.66667 ,N,N
17-Apr-2013 15:11,201302,201202,Other Reporting Airports      ,EDINBURGH                     ,SUMBURGH                      , 2207 , 2207 , 0 , 2328 , 2328 , 0 ,-5.197595 ,N,N
17-Apr-2013 15:11,201302,201202,Other Reporting Airports      ,EDINBURGH                     ,WICK JOHN O GROATS            , 701 , 701 , 0 , 741 , 741 , 0 ,-5.398111 ,N,N
17-Apr-2013 15:11,201302,201202,Other Reporting Airports      ,EXETER                        ,GLASGOW                       , 674 , 674 , 0 , 1751 , 1751 , 0 ,-61.50771 ,N,N
17-Apr-2013 15:11,201302,201202,Other Reporting Airports      ,EXETER                        ,GUERNSEY                      , 1503 , 1503 , 0 , 1373 , 1373 , 0 , 9.468318 ,N,N
17-Apr-2013 15:11,201302,201202,Other Reporting Airports      ,EXETER                        ,JERSEY                        , 2208 , 2208 , 0 , 2046 , 2046 , 0 , 7.917889 ,N,N
17-Apr-2013 15:11,201302,201202,Other Reporting Airports      ,EXETER                        ,LEEDS BRADFORD                , 0 , 0 , 0 , 701 , 701 , 0 ,-100 ,N,N
17-Apr-2013 15:11,201302,201202,Other Reporting Airports      ,EXETER                        ,MANCHESTER                    , 5122 , 5116 , 6 , 3152 , 3152 , 0 , 62.5 ,N,N
17-Apr-2013 15:11,201302,201202,Other Reporting Airports      ,EXETER                        ,NEWCASTLE                     , 2339 , 2339 , 0 , 1283 , 1283 , 0 , 82.30709 ,N,N
17-Apr-2013 15:11,201302,201202,Other Reporting Airports      ,FAIR ISLE                     ,LERWICK (TINGWALL)            , 160 , 160 , 0 , 102 , 102 , 0 , 56.86274 ,N,N
17-Apr-2013 15:11,201302,201202,Other Reporting Airports      ,FARNBOROUGH                   ,JERSEY                        , 0 , 0 , 0 , 1 , 0 , 1 ,-100 ,N,Y
17-Apr-2013 15:11,201302,201202,Other Reporting Airports      ,FARNBOROUGH                   ,LIVERPOOL (JOHN LENNON)       , 0 , 0 , 0 , 45 , 0 , 45 ,-100 ,N,N
17-Apr-2013 15:11,201302,201202,Other Reporting Airports      ,FARNBOROUGH                   ,MANCHESTER                    , 107 , 0 , 107 , 36 , 0 , 36 , 197.2222 ,N,N
17-Apr-2013 15:11,201302,201202,Other Reporting Airports      ,FARNBOROUGH                   ,NEWCASTLE                     , 124 , 0 , 124 , 0 , 0 , 0 ,Null,N,N
17-Apr-2013 15:11,201302,201202,Other Reporting Airports      ,FARNBOROUGH                   ,NORWICH                       , 33 , 0 , 33 , 0 , 0 , 0 ,Null,N,N
17-Apr-2013 15:11,201302,201202,Other Reporting Airports      ,FOULA                         ,LERWICK (TINGWALL)            , 106 , 106 , 0 , 56 , 56 , 0 , 89.28571 ,N,N
17-Apr-2013 15:11,201302,201202,London Area Airports          ,GATWICK                       ,ABERDEEN                      , 13569 , 13569 , 0 , 17511 , 17056 , 455 ,-22.51156 ,N,N
17-Apr-2013 15:11,201302,201202,London Area Airports          ,GATWICK                       ,BELFAST CITY (GEORGE BEST)    , 28050 , 28050 , 0 , 16543 , 16543 , 0 , 69.55812 ,N,N
17-Apr-2013 15:11,201302,201202,London Area Airports          ,GATWICK                       ,BELFAST INTERNATIONAL         , 26813 , 26813 , 0 , 25935 , 25935 , 0 , 3.385386 ,N,N
17-Apr-2013 15:11,201302,201202,London Area Airports          ,GATWICK                       ,CARDIFF WALES                 , 0 , 0 , 0 , 39 , 0 , 39 ,-100 ,N,N
17-Apr-2013 15:11,201302,201202,London Area Airports          ,GATWICK                       ,DURHAM TEES VALLEY            , 37 , 0 , 37 , 0 , 0 , 0 ,Null,N,N
17-Apr-2013 15:11,201302,201202,London Area Airports          ,GATWICK                       ,EDINBURGH                     , 49185 , 49185 , 0 , 48507 , 48462 , 45 , 1.397736 ,N,N
17-Apr-2013 15:11,201302,201202,London Area Airports          ,GATWICK                       ,GLASGOW                       , 43106 , 43106 , 0 , 44282 , 44282 , 0 ,-2.655707 ,N,N
17-Apr-2013 15:11,201302,201202,London Area Airports          ,GATWICK                       ,GUERNSEY                      , 23202 , 23202 , 0 , 22237 , 22237 , 0 , 4.339614 ,N,N
17-Apr-2013 15:11,201302,201202,London Area Airports          ,GATWICK                       ,HUMBERSIDE                    , 33 , 0 , 33 , 0 , 0 , 0 ,Null,N,N
17-Apr-2013 15:11,201302,201202,London Area Airports          ,GATWICK                       ,INVERNESS                     , 13344 , 13344 , 0 , 16079 , 16079 , 0 ,-17.00976 ,N,N
17-Apr-2013 15:11,201302,201202,London Area Airports          ,GATWICK                       ,ISLE OF MAN                   , 12633 , 12633 , 0 , 9139 , 9139 , 0 , 38.23175 ,N,N
17-Apr-2013 15:11,201302,201202,London Area Airports          ,GATWICK                       ,JERSEY                        , 37677 , 37677 , 0 , 35489 , 35489 , 0 , 6.165291 ,N,N
17-Apr-2013 15:11,201302,201202,London Area Airports          ,GATWICK                       ,LEEDS BRADFORD                , 58 , 0 , 58 , 0 , 0 , 0 ,Null,N,N
17-Apr-2013 15:11,201302,201202,London Area Airports          ,GATWICK                       ,LIVERPOOL (JOHN LENNON)       , 0 , 0 , 0 , 33 , 0 , 33 ,-100 ,N,N
17-Apr-2013 15:11,201302,201202,London Area Airports          ,GATWICK                       ,MANCHESTER                    , 12732 , 12732 , 0 , 17557 , 17485 , 72 ,-27.48192 ,N,N
17-Apr-2013 15:11,201302,201202,London Area Airports          ,GATWICK                       ,NEWCASTLE                     , 5784 , 5749 , 35 , 6126 , 6126 , 0 ,-5.582762 ,N,N
17-Apr-2013 15:11,201302,201202,London Area Airports          ,GATWICK                       ,NEWQUAY                       , 5658 , 5658 , 0 , 5599 , 5599 , 0 , 1.05376 ,N,N
17-Apr-2013 15:11,201302,201202,London Area Airports          ,GATWICK                       ,NORWICH                       , 48 , 0 , 48 , 0 , 0 , 0 ,Null,N,N
17-Apr-2013 15:11,201302,201202,Other Reporting Airports      ,GLASGOW                       ,ISLAY                         , 1534 , 1534 , 0 , 1380 , 1380 , 0 , 11.15942 ,N,N
17-Apr-2013 15:11,201302,201202,Other Reporting Airports      ,GLASGOW                       ,ISLE OF MAN                   , 389 , 389 , 0 , 549 , 549 , 0 ,-29.1439 ,N,N
17-Apr-2013 15:11,201302,201202,Other Reporting Airports      ,GLASGOW                       ,JERSEY                        , 1846 , 1846 , 0 , 0 , 0 , 0 ,Null,N,N
17-Apr-2013 15:11,201302,201202,Other Reporting Airports      ,GLASGOW                       ,KIRKWALL                      , 1237 , 1237 , 0 , 1014 , 1014 , 0 , 21.99211 ,N,N
17-Apr-2013 15:11,201302,201202,Other Reporting Airports      ,GLASGOW                       ,LEEDS BRADFORD                , 897 , 897 , 0 , 1084 , 1084 , 0 ,-17.25092 ,N,N
17-Apr-2013 15:11,201302,201202,Other Reporting Airports      ,GLASGOW                       ,MANCHESTER                    , 3620 , 3620 , 0 , 3949 , 3949 , 0 ,-8.331223 ,N,N
17-Apr-2013 15:11,201302,201202,Other Reporting Airports      ,GLASGOW                       ,SOUTHAMPTON                   , 12359 , 12359 , 0 , 12681 , 12681 , 0 ,-2.539232 ,N,N
17-Apr-2013 15:11,201302,201202,Other Reporting Airports      ,GLASGOW                       ,STORNOWAY                     , 3694 , 3694 , 0 , 3797 , 3797 , 0 ,-2.712668 ,N,N
17-Apr-2013 15:11,201302,201202,Other Reporting Airports      ,GLASGOW                       ,SUMBURGH                      , 1283 , 1283 , 0 , 1217 , 1217 , 0 , 5.423172 ,N,N
17-Apr-2013 15:11,201302,201202,Other Reporting Airports      ,GLASGOW                       ,TIREE                         , 535 , 535 , 0 , 470 , 470 , 0 , 13.82979 ,N,N
17-Apr-2013 15:11,201302,201202,Other Reporting Airports      ,GLOUCESTERSHIRE               ,ISLE OF MAN                   , 991 , 991 , 0 , 1054 , 1054 , 0 ,-5.97723 ,N,N
17-Apr-2013 15:11,201302,201202,Other Reporting Airports      ,GUERNSEY                      ,JERSEY                        , 10935 , 10935 , 0 , 10555 , 10555 , 0 , 3.600189 ,N,N
17-Apr-2013 15:11,201302,201202,Other Reporting Airports      ,GUERNSEY                      ,MANCHESTER                    , 3678 , 3678 , 0 , 3523 , 3523 , 0 , 4.399659 ,N,N
17-Apr-2013 15:11,201302,201202,Other Reporting Airports      ,GUERNSEY                      ,NEWQUAY                       , 0 , 0 , 0 , 38 , 0 , 38 ,-100 ,N,N
17-Apr-2013 15:11,201302,201202,Other Reporting Airports      ,GUERNSEY                      ,SOUTHAMPTON                   , 8542 , 8542 , 0 , 7912 , 7912 , 0 , 7.962588 ,N,N
17-Apr-2013 15:11,201302,201202,London Area Airports          ,HEATHROW                      ,ABERDEEN                      , 46592 , 46592 , 0 , 47321 , 47321 , 0 ,-1.540542 ,N,N
17-Apr-2013 15:11,201302,201202,London Area Airports          ,HEATHROW                      ,BELFAST CITY (GEORGE BEST)    , 49122 , 49122 , 0 , 35194 , 35194 , 0 , 39.57493 ,N,N
17-Apr-2013 15:11,201302,201202,London Area Airports          ,HEATHROW                      ,BELFAST INTERNATIONAL         , 0 , 0 , 0 , 18631 , 18631 , 0 ,-100 ,N,N
17-Apr-2013 15:11,201302,201202,London Area Airports          ,HEATHROW                      ,EDINBURGH                     , 79617 , 79617 , 0 , 88006 , 88006 , 0 ,-9.532305 ,N,N
17-Apr-2013 15:11,201302,201202,London Area Airports          ,HEATHROW                      ,GLASGOW                       , 66612 , 66612 , 0 , 59766 , 59766 , 0 , 11.45467 ,N,N
17-Apr-2013 15:11,201302,201202,London Area Airports          ,HEATHROW                      ,LEEDS BRADFORD                , 9326 , 9326 , 0 , 0 , 0 , 0 ,Null,N,N
17-Apr-2013 15:11,201302,201202,London Area Airports          ,HEATHROW                      ,MANCHESTER                    , 55659 , 55631 , 28 , 64364 , 64364 , 0 ,-13.52464 ,N,N
17-Apr-2013 15:11,201302,201202,London Area Airports          ,HEATHROW                      ,NEWCASTLE                     , 36973 , 36973 , 0 , 39067 , 39067 , 0 ,-5.360023 ,N,N
17-Apr-2013 15:11,201302,201202,Other Reporting Airports      ,HUMBERSIDE                    ,NORWICH                       , 114 , 114 , 0 , 80 , 80 , 0 , 42.5 ,N,N
17-Apr-2013 15:11,201302,201202,Other Reporting Airports      ,INVERNESS                     ,KIRKWALL                      , 1355 , 1355 , 0 , 1095 , 1095 , 0 , 23.74429 ,N,N
17-Apr-2013 15:11,201302,201202,Other Reporting Airports      ,INVERNESS                     ,MANCHESTER                    , 3622 , 3622 , 0 , 3350 , 3350 , 0 , 8.119403 ,N,N
17-Apr-2013 15:11,201302,201202,Other Reporting Airports      ,INVERNESS                     ,STORNOWAY                     , 2612 , 2612 , 0 , 2920 , 2920 , 0 ,-10.54795 ,N,N
17-Apr-2013 15:11,201302,201202,Other Reporting Airports      ,INVERNESS                     ,SUMBURGH                      , 274 , 274 , 0 , 460 , 460 , 0 ,-40.43478 ,N,N
17-Apr-2013 15:11,201302,201202,Other Reporting Airports      ,ISLE OF MAN                   ,JERSEY                        , 15 , 15 , 0 , 203 , 203 , 0 ,-92.61084 ,N,N
17-Apr-2013 15:11,201302,201202,Other Reporting Airports      ,ISLE OF MAN                   ,LEEDS BRADFORD                , 0 , 0 , 0 , 556 , 556 , 0 ,-100 ,N,N
17-Apr-2013 15:11,201302,201202,Other Reporting Airports      ,ISLE OF MAN                   ,LIVERPOOL (JOHN LENNON)       , 14929 , 14929 , 0 , 13480 , 13480 , 0 , 10.74926 ,N,N
17-Apr-2013 15:11,201302,201202,Other Reporting Airports      ,ISLE OF MAN                   ,MANCHESTER                    , 8372 , 8372 , 0 , 8846 , 8846 , 0 ,-5.358354 ,N,N
17-Apr-2013 15:11,201302,201202,Other Reporting Airports      ,ISLE OF MAN                   ,NEWCASTLE                     , 338 , 338 , 0 , 330 , 330 , 0 , 2.424242 ,N,N
17-Apr-2013 15:11,201302,201202,Other Reporting Airports      ,ISLE OF MAN                   ,SOUTHAMPTON                   , 0 , 0 , 0 , 909 , 909 , 0 ,-100 ,N,N
17-Apr-2013 15:11,201302,201202,Other Reporting Airports      ,ISLES OF SCILLY (ST.MARYS)    ,NEWQUAY                       , 1177 , 1177 , 0 , 314 , 314 , 0 , 274.8408 ,N,N
17-Apr-2013 15:11,201302,201202,Other Reporting Airports      ,JERSEY                        ,LIVERPOOL (JOHN LENNON)       , 4532 , 4532 , 0 , 4513 , 4513 , 0 , 0.421006 ,N,N
17-Apr-2013 15:11,201302,201202,Other Reporting Airports      ,JERSEY                        ,MANCHESTER                    , 3293 , 3293 , 0 , 3437 , 3437 , 0 ,-4.1897 ,N,N
17-Apr-2013 15:11,201302,201202,Other Reporting Airports      ,JERSEY                        ,SOUTHAMPTON                   , 8819 , 8819 , 0 , 8856 , 8856 , 0 ,-0.4177958 ,N,N
17-Apr-2013 15:11,201302,201202,Other Reporting Airports      ,KIRKWALL                      ,NORTH RONALDSAY               , 405 , 405 , 0 , 351 , 351 , 0 , 15.38461 ,N,N
17-Apr-2013 15:11,201302,201202,Other Reporting Airports      ,KIRKWALL                      ,PAPA WESTRAY                  , 301 , 301 , 0 , 312 , 312 , 0 ,-3.525641 ,N,N
17-Apr-2013 15:11,201302,201202,Other Reporting Airports      ,KIRKWALL                      ,SANDAY                        , 283 , 283 , 0 , 292 , 292 , 0 ,-3.082192 ,N,N
17-Apr-2013 15:11,201302,201202,Other Reporting Airports      ,KIRKWALL                      ,STRONSAY                      , 283 , 283 , 0 , 322 , 322 , 0 ,-12.1118 ,N,N
17-Apr-2013 15:11,201302,201202,Other Reporting Airports      ,KIRKWALL                      ,SUMBURGH                      , 552 , 552 , 0 , 513 , 513 , 0 , 7.602339 ,N,N
17-Apr-2013 15:11,201302,201202,Other Reporting Airports      ,KIRKWALL                      ,WESTRAY                       , 274 , 274 , 0 , 261 , 261 , 0 , 4.980843 ,N,N
17-Apr-2013 15:11,201302,201202,Other Reporting Airports      ,LEEDS BRADFORD                ,NEWQUAY                       , 0 , 0 , 0 , 4 , 4 , 0 ,-100 ,N,N
17-Apr-2013 15:11,201302,201202,Other Reporting Airports      ,LEEDS BRADFORD                ,SOUTHAMPTON                   , 3842 , 3842 , 0 , 4369 , 4369 , 0 ,-12.06226 ,N,N
17-Apr-2013 15:11,201302,201202,Other Reporting Airports      ,LERWICK (TINGWALL)            ,OUT SKERRIES                  , 9 , 9 , 0 , 42 , 42 , 0 ,-78.57143 ,N,N
17-Apr-2013 15:11,201302,201202,Other Reporting Airports      ,LERWICK (TINGWALL)            ,PAPA STOUR                    , 0 , 0 , 0 , 1 , 1 , 0 ,-100 ,N,N
17-Apr-2013 15:11,201302,201202,Other Reporting Airports      ,LIVERPOOL (JOHN LENNON)       ,NORWICH                       , 76 , 0 , 76 , 0 , 0 , 0 ,Null,N,N
17-Apr-2013 15:11,201302,201202,London Area Airports          ,LONDON CITY                   ,ABERDEEN                      , 5109 , 5109 , 0 , 0 , 0 , 0 ,Null,N,N
17-Apr-2013 15:11,201302,201202,London Area Airports          ,LONDON CITY                   ,DUNDEE                        , 2025 , 2025 , 0 , 2252 , 2252 , 0 ,-10.07993 ,N,N
17-Apr-2013 15:11,201302,201202,London Area Airports          ,LONDON CITY                   ,EDINBURGH                     , 28027 , 28027 , 0 , 27344 , 27344 , 0 , 2.497806 ,N,N
17-Apr-2013 15:11,201302,201202,London Area Airports          ,LONDON CITY                   ,GLASGOW                       , 12389 , 12389 , 0 , 11737 , 11737 , 0 , 5.555082 ,N,N
17-Apr-2013 15:11,201302,201202,London Area Airports          ,LONDON CITY                   ,ISLE OF MAN                   , 3985 , 3985 , 0 , 3193 , 3193 , 0 , 24.80426 ,N,N
17-Apr-2013 15:11,201302,201202,London Area Airports          ,LONDON CITY                   ,JERSEY                        , 1928 , 1928 , 0 , 1794 , 1794 , 0 , 7.469342 ,N,N
17-Apr-2013 15:11,201302,201202,London Area Airports          ,LUTON                         ,ABERDEEN                      , 6401 , 6401 , 0 , 9732 , 9728 , 4 ,-34.22729 ,N,N
17-Apr-2013 15:11,201302,201202,London Area Airports          ,LUTON                         ,BELFAST INTERNATIONAL         , 16093 , 16093 , 0 , 17535 , 17535 , 0 ,-8.223553 ,N,N
17-Apr-2013 15:11,201302,201202,London Area Airports          ,LUTON                         ,CARDIFF WALES                 , 0 , 0 , 0 , 3 , 0 , 3 ,-100 ,N,Y
17-Apr-2013 15:11,201302,201202,London Area Airports          ,LUTON                         ,DURHAM TEES VALLEY            , 28 , 0 , 28 , 0 , 0 , 0 ,Null,N,N
17-Apr-2013 15:11,201302,201202,London Area Airports          ,LUTON                         ,EDINBURGH                     , 21593 , 21593 , 0 , 20806 , 20806 , 0 , 3.782563 ,N,N
17-Apr-2013 15:11,201302,201202,London Area Airports          ,LUTON                         ,GLASGOW                       , 21830 , 21830 , 0 , 22207 , 22054 , 153 ,-1.697663 ,N,N
17-Apr-2013 15:11,201302,201202,London Area Airports          ,LUTON                         ,INVERNESS                     , 6314 , 6314 , 0 , 5985 , 5985 , 0 , 5.497076 ,N,N
17-Apr-2013 15:11,201302,201202,London Area Airports          ,LUTON                         ,ISLE OF MAN                   , 0 , 0 , 0 , 1179 , 1179 , 0 ,-100 ,N,N
17-Apr-2013 15:11,201302,201202,London Area Airports          ,LUTON                         ,JERSEY                        , 0 , 0 , 0 , 391 , 377 , 14 ,-100 ,N,N
17-Apr-2013 15:11,201302,201202,London Area Airports          ,LUTON                         ,LIVERPOOL (JOHN LENNON)       , 3 , 0 , 3 , 0 , 0 , 0 ,Null,Y,N
17-Apr-2013 15:11,201302,201202,London Area Airports          ,LUTON                         ,MANCHESTER                    , 0 , 0 , 0 , 29 , 0 , 29 ,-100 ,N,N
17-Apr-2013 15:11,201302,201202,London Area Airports          ,LUTON                         ,NEWCASTLE                     , 37 , 0 , 37 , 118 , 0 , 118 ,-68.64407 ,N,N
17-Apr-2013 15:11,201302,201202,Other Reporting Airports      ,MANCHESTER                    ,NEWQUAY                       , 1477 , 1477 , 0 , 1606 , 1606 , 0 ,-8.032378 ,N,N
17-Apr-2013 15:11,201302,201202,Other Reporting Airports      ,MANCHESTER                    ,NORWICH                       , 2394 , 2394 , 0 , 2006 , 1931 , 75 , 19.34197 ,N,N
17-Apr-2013 15:11,201302,201202,Other Reporting Airports      ,MANCHESTER                    ,SOUTHAMPTON                   , 7913 , 7913 , 0 , 8606 , 8606 , 0 ,-8.052522 ,N,N
17-Apr-2013 15:11,201302,201202,Other Reporting Airports      ,NEWCASTLE                     ,SOUTHAMPTON                   , 6778 , 6687 , 91 , 6438 , 6438 , 0 , 5.281143 ,N,N
17-Apr-2013 15:11,201302,201202,London Area Airports          ,SOUTHEND                      ,BELFAST INTERNATIONAL         , 7571 , 7571 , 0 , 0 , 0 , 0 ,Null,N,N
17-Apr-2013 15:11,201302,201202,London Area Airports          ,SOUTHEND                      ,JERSEY                        , 3631 , 3631 , 0 , 0 , 0 , 0 ,Null,N,N
17-Apr-2013 15:11,201302,201202,London Area Airports          ,STANSTED                      ,BELFAST CITY (GEORGE BEST)    , 0 , 0 , 0 , 9008 , 9008 , 0 ,-100 ,N,N
17-Apr-2013 15:11,201302,201202,London Area Airports          ,STANSTED                      ,BELFAST INTERNATIONAL         , 24351 , 24351 , 0 , 27406 , 27406 , 0 ,-11.14719 ,N,N
17-Apr-2013 15:11,201302,201202,London Area Airports          ,STANSTED                      ,CITY OF DERRY (EGLINTON)      , 9135 , 9135 , 0 , 9947 , 9947 , 0 ,-8.163265 ,N,N
17-Apr-2013 15:11,201302,201202,London Area Airports          ,STANSTED                      ,EDINBURGH                     , 26851 , 26851 , 0 , 30744 , 30744 , 0 ,-12.66263 ,N,N
17-Apr-2013 15:11,201302,201202,London Area Airports          ,STANSTED                      ,GLASGOW                       , 23603 , 23603 , 0 , 28064 , 28064 , 0 ,-15.89581 ,N,N
17-Apr-2013 15:11,201302,201202,London Area Airports          ,STANSTED                      ,GUERNSEY                      , 817 , 817 , 0 , 1194 , 1194 , 0 ,-31.57454 ,N,N
17-Apr-2013 15:11,201302,201202,London Area Airports          ,STANSTED                      ,JERSEY                        , 0 , 0 , 0 , 200 , 200 , 0 ,-100 ,N,N
17-Apr-2013 15:11,201302,201202,London Area Airports          ,STANSTED                      ,MANCHESTER                    , 183 , 0 , 183 , 0 , 0 , 0 ,Null,N,N
17-Apr-2013 15:11,201302,201202,London Area Airports          ,STANSTED                      ,NEWCASTLE                     , 74 , 0 , 74 , 76 , 0 , 76 ,-2.631579 ,N,N
