rundate,this_period,last_period,group_name,airport_1_name,airport_2_name,total_pax_this_period,total_pax_scheduled_this_period,total_pax_charter_this_period,total_pax_last_period,total_pax_scheduled_last_period,total_pax_charter_last_period,total_pax_percent,charters_tm_only_small_acf,charters_lm_only_small_acf
24-May-2013 15:09,201203,201103,Other Reporting Airports      ,ABERDEEN                      ,BELFAST CITY (GEORGE BEST)    , 1488 , 1488 , 0 , 1223 , 1223 , 0 , 21.66803 ,N,N
24-May-2013 15:09,201203,201103,Other Reporting Airports      ,ABERDEEN                      ,BIRMINGHAM                    , 7320 , 7320 , 0 , 7207 , 7207 , 0 , 1.56792 ,N,N
24-May-2013 15:09,201203,201103,Other Reporting Airports      ,ABERDEEN                      ,BRISTOL                       , 2914 , 2914 , 0 , 3008 , 3008 , 0 ,-3.125 ,N,N
24-May-2013 15:09,201203,201103,Other Reporting Airports      ,ABERDEEN                      ,CARDIFF WALES                 , 1213 , 1213 , 0 , 468 , 468 , 0 , 159.188 ,N,N
24-May-2013 15:09,201203,201103,Other Reporting Airports      ,ABERDEEN                      ,DURHAM TEES VALLEY            , 3005 , 3005 , 0 , 3067 , 3067 , 0 ,-2.021519 ,N,N
24-May-2013 15:09,201203,201103,Other Reporting Airports      ,ABERDEEN                      ,EAST MIDLANDS INTERNATIONAL   , 1833 , 1833 , 0 , 1983 , 1983 , 0 ,-7.564297 ,N,N
24-May-2013 15:09,201203,201103,Other Reporting Airports      ,ABERDEEN                      ,EXETER                        , 1579 , 1579 , 0 , 1494 , 1494 , 0 , 5.689425 ,N,N
24-May-2013 15:09,201203,201103,Other Reporting Airports      ,ABERDEEN                      ,GATWICK                       , 19670 , 19670 , 0 , 8818 , 8818 , 0 , 123.0665 ,N,N
24-May-2013 15:09,201203,201103,Other Reporting Airports      ,ABERDEEN                      ,HEATHROW                      , 53896 , 53896 , 0 , 55184 , 55184 , 0 ,-2.33401 ,N,N
24-May-2013 15:09,201203,201103,Other Reporting Airports      ,ABERDEEN                      ,HUMBERSIDE                    , 2702 , 2702 , 0 , 2896 , 2896 , 0 ,-6.698895 ,N,N
24-May-2013 15:09,201203,201103,Other Reporting Airports      ,ABERDEEN                      ,KIRKWALL                      , 3878 , 3878 , 0 , 3406 , 3406 , 0 , 13.8579 ,N,N
24-May-2013 15:09,201203,201103,Other Reporting Airports      ,ABERDEEN                      ,LEEDS BRADFORD                , 0 , 0 , 0 , 58 , 58 , 0 ,-100 ,N,N
24-May-2013 15:09,201203,201103,Other Reporting Airports      ,ABERDEEN                      ,LUTON                         , 10462 , 10462 , 0 , 12254 , 12254 , 0 ,-14.6238 ,N,N
24-May-2013 15:09,201203,201103,Other Reporting Airports      ,ABERDEEN                      ,MANCHESTER                    , 13638 , 13285 , 353 , 12046 , 11642 , 404 , 13.21601 ,N,N
24-May-2013 15:09,201203,201103,Other Reporting Airports      ,ABERDEEN                      ,NEWCASTLE                     , 2151 , 2151 , 0 , 2838 , 2838 , 0 ,-24.20719 ,N,N
24-May-2013 15:09,201203,201103,Other Reporting Airports      ,ABERDEEN                      ,NORWICH                       , 5839 , 5839 , 0 , 5503 , 5503 , 0 , 6.105761 ,N,N
24-May-2013 15:09,201203,201103,Other Reporting Airports      ,ABERDEEN                      ,SCATSTA                       , 14179 , 0 , 14179 , 14661 , 0 , 14661 ,-3.287634 ,N,N
24-May-2013 15:09,201203,201103,Other Reporting Airports      ,ABERDEEN                      ,SOUTHAMPTON                   , 1535 , 1535 , 0 , 2510 , 2510 , 0 ,-38.84462 ,N,N
24-May-2013 15:09,201203,201103,Other Reporting Airports      ,ABERDEEN                      ,STORNOWAY                     , 482 , 482 , 0 , 537 , 537 , 0 ,-10.24209 ,N,N
24-May-2013 15:09,201203,201103,Other Reporting Airports      ,ABERDEEN                      ,SUMBURGH                      , 5916 , 5674 , 242 , 5534 , 5381 , 153 , 6.902783 ,N,N
24-May-2013 15:09,201203,201103,Other Reporting Airports      ,ABERDEEN                      ,WICK JOHN O GROATS            , 1436 , 1436 , 0 , 1507 , 1507 , 0 ,-4.711347 ,N,N
24-May-2013 15:09,201203,201103,Other Reporting Airports      ,ALDERNEY                      ,GUERNSEY                      , 2949 , 2949 , 0 , 3484 , 3484 , 0 ,-15.35591 ,N,N
24-May-2013 15:09,201203,201103,Other Reporting Airports      ,ALDERNEY                      ,SOUTHAMPTON                   , 1509 , 1509 , 0 , 1558 , 1558 , 0 ,-3.145058 ,N,N
24-May-2013 15:09,201203,201103,Other Reporting Airports      ,BARRA                         ,BENBECULA                     , 103 , 103 , 0 , 135 , 135 , 0 ,-23.7037 ,N,N
24-May-2013 15:09,201203,201103,Other Reporting Airports      ,BARRA                         ,GLASGOW                       , 549 , 549 , 0 , 560 , 560 , 0 ,-1.964286 ,N,N
24-May-2013 15:09,201203,201103,Other Reporting Airports      ,BELFAST CITY (GEORGE BEST)    ,ABERDEEN                      , 1474 , 1474 , 0 , 1226 , 1226 , 0 , 20.22839 ,N,N
24-May-2013 15:09,201203,201103,Other Reporting Airports      ,BELFAST CITY (GEORGE BEST)    ,BIRMINGHAM                    , 27136 , 27136 , 0 , 26500 , 26500 , 0 , 2.4 ,N,N
24-May-2013 15:09,201203,201103,Other Reporting Airports      ,BELFAST CITY (GEORGE BEST)    ,BLACKPOOL                     , 1189 , 1189 , 0 , 747 , 747 , 0 , 59.17001 ,N,N
24-May-2013 15:09,201203,201103,Other Reporting Airports      ,BELFAST CITY (GEORGE BEST)    ,BRISTOL                       , 3262 , 3262 , 0 , 3159 , 3159 , 0 , 3.260525 ,N,N
24-May-2013 15:09,201203,201103,Other Reporting Airports      ,BELFAST CITY (GEORGE BEST)    ,CARDIFF WALES                 , 2964 , 2964 , 0 , 6446 , 6446 , 0 ,-54.01799 ,N,N
24-May-2013 15:09,201203,201103,Other Reporting Airports      ,BELFAST CITY (GEORGE BEST)    ,DONCASTER SHEFFIELD           , 0 , 0 , 0 , 1528 , 1528 , 0 ,-100 ,N,N
24-May-2013 15:09,201203,201103,Other Reporting Airports      ,BELFAST CITY (GEORGE BEST)    ,DUNDEE                        , 747 , 747 , 0 , 971 , 971 , 0 ,-23.069 ,N,N
24-May-2013 15:09,201203,201103,Other Reporting Airports      ,BELFAST CITY (GEORGE BEST)    ,EAST MIDLANDS INTERNATIONAL   , 17495 , 17495 , 0 , 15842 , 15842 , 0 , 10.43429 ,N,N
24-May-2013 15:09,201203,201103,Other Reporting Airports      ,BELFAST CITY (GEORGE BEST)    ,EDINBURGH                     , 10596 , 10596 , 0 , 8243 , 8243 , 0 , 28.54543 ,N,N
24-May-2013 15:09,201203,201103,Other Reporting Airports      ,BELFAST CITY (GEORGE BEST)    ,EXETER                        , 1129 , 1129 , 0 , 979 , 979 , 0 , 15.32176 ,N,N
24-May-2013 15:09,201203,201103,Other Reporting Airports      ,BELFAST CITY (GEORGE BEST)    ,GATWICK                       , 19475 , 19475 , 0 , 18161 , 18161 , 0 , 7.235284 ,N,N
24-May-2013 15:09,201203,201103,Other Reporting Airports      ,BELFAST CITY (GEORGE BEST)    ,GLASGOW                       , 8438 , 8438 , 0 , 8732 , 8732 , 0 ,-3.366926 ,N,N
24-May-2013 15:09,201203,201103,Other Reporting Airports      ,BELFAST CITY (GEORGE BEST)    ,HEATHROW                      , 38656 , 38656 , 0 , 40560 , 40560 , 0 ,-4.69428 ,N,N
24-May-2013 15:09,201203,201103,Other Reporting Airports      ,BELFAST CITY (GEORGE BEST)    ,INVERNESS                     , 1793 , 1793 , 0 , 1386 , 1386 , 0 , 29.36508 ,N,N
24-May-2013 15:09,201203,201103,Other Reporting Airports      ,BELFAST CITY (GEORGE BEST)    ,ISLE OF MAN                   , 1134 , 1134 , 0 , 1629 , 1629 , 0 ,-30.38674 ,N,N
24-May-2013 15:09,201203,201103,Other Reporting Airports      ,BELFAST CITY (GEORGE BEST)    ,LEEDS BRADFORD                , 8546 , 8546 , 0 , 5276 , 5276 , 0 , 61.97877 ,N,N
24-May-2013 15:09,201203,201103,Other Reporting Airports      ,BELFAST CITY (GEORGE BEST)    ,LIVERPOOL (JOHN LENNON)       , 0 , 0 , 0 , 7226 , 7226 , 0 ,-100 ,N,N
24-May-2013 15:09,201203,201103,Other Reporting Airports      ,BELFAST CITY (GEORGE BEST)    ,LUTON                         , 0 , 0 , 0 , 20597 , 20597 , 0 ,-100 ,N,N
24-May-2013 15:09,201203,201103,Other Reporting Airports      ,BELFAST CITY (GEORGE BEST)    ,MANCHESTER                    , 23427 , 23427 , 0 , 27671 , 27671 , 0 ,-15.33736 ,N,N
24-May-2013 15:09,201203,201103,Other Reporting Airports      ,BELFAST CITY (GEORGE BEST)    ,NEWCASTLE                     , 3522 , 3522 , 0 , 3108 , 3108 , 0 , 13.32046 ,N,N
24-May-2013 15:09,201203,201103,Other Reporting Airports      ,BELFAST CITY (GEORGE BEST)    ,SOUTHAMPTON                   , 6713 , 6713 , 0 , 6278 , 6278 , 0 , 6.928958 ,N,N
24-May-2013 15:09,201203,201103,Other Reporting Airports      ,BELFAST CITY (GEORGE BEST)    ,STANSTED                      , 9884 , 9884 , 0 , 883 , 883 , 0 , 1019.366 ,N,N
24-May-2013 15:09,201203,201103,Other Reporting Airports      ,BELFAST INTERNATIONAL         ,BLACKPOOL                     , 109 , 109 , 0 , 0 , 0 , 0 ,Null,N,N
24-May-2013 15:09,201203,201103,Other Reporting Airports      ,BELFAST INTERNATIONAL         ,BRISTOL                       , 17085 , 17085 , 0 , 16590 , 16590 , 0 , 2.983725 ,N,N
24-May-2013 15:09,201203,201103,Other Reporting Airports      ,BELFAST INTERNATIONAL         ,EDINBURGH                     , 20953 , 20953 , 0 , 20775 , 20775 , 0 , 0.8567991 ,N,N
24-May-2013 15:09,201203,201103,Other Reporting Airports      ,BELFAST INTERNATIONAL         ,GATWICK                       , 29087 , 29087 , 0 , 27969 , 27969 , 0 , 3.997283 ,N,N
24-May-2013 15:09,201203,201103,Other Reporting Airports      ,BELFAST INTERNATIONAL         ,GLASGOW                       , 23181 , 23181 , 0 , 22048 , 22048 , 0 , 5.138788 ,N,N
24-May-2013 15:09,201203,201103,Other Reporting Airports      ,BELFAST INTERNATIONAL         ,HEATHROW                      , 19333 , 19333 , 0 , 21171 , 21171 , 0 ,-8.681687 ,N,N
24-May-2013 15:09,201203,201103,Other Reporting Airports      ,BELFAST INTERNATIONAL         ,LEEDS BRADFORD                , 4358 , 4358 , 0 , 8497 , 8497 , 0 ,-48.71131 ,N,N
24-May-2013 15:09,201203,201103,Other Reporting Airports      ,BELFAST INTERNATIONAL         ,LIVERPOOL (JOHN LENNON)       , 39175 , 39175 , 0 , 36814 , 36814 , 0 , 6.413321 ,N,N
24-May-2013 15:09,201203,201103,Other Reporting Airports      ,BELFAST INTERNATIONAL         ,LUTON                         , 19253 , 19253 , 0 , 0 , 0 , 0 ,Null,N,N
24-May-2013 15:09,201203,201103,Other Reporting Airports      ,BELFAST INTERNATIONAL         ,MANCHESTER                    , 11290 , 11290 , 0 , 221 , 0 , 221 , 5008.597 ,N,N
24-May-2013 15:09,201203,201103,Other Reporting Airports      ,BELFAST INTERNATIONAL         ,NEWCASTLE                     , 17252 , 17252 , 0 , 15868 , 15868 , 0 , 8.721956 ,N,N
24-May-2013 15:09,201203,201103,Other Reporting Airports      ,BELFAST INTERNATIONAL         ,STANSTED                      , 28780 , 28780 , 0 , 30298 , 30298 , 0 ,-5.010231 ,N,N
24-May-2013 15:09,201203,201103,Other Reporting Airports      ,BENBECULA                     ,BARRA                         , 87 , 87 , 0 , 116 , 116 , 0 ,-25 ,N,N
24-May-2013 15:09,201203,201103,Other Reporting Airports      ,BENBECULA                     ,GLASGOW                       , 1601 , 1601 , 0 , 1827 , 1827 , 0 ,-12.37001 ,N,N
24-May-2013 15:09,201203,201103,Other Reporting Airports      ,BENBECULA                     ,STORNOWAY                     , 1027 , 1027 , 0 , 973 , 973 , 0 , 5.549846 ,N,N
24-May-2013 15:09,201203,201103,Other Reporting Airports      ,BIRMINGHAM                    ,ABERDEEN                      , 7281 , 7281 , 0 , 7167 , 7167 , 0 , 1.590624 ,N,N
24-May-2013 15:09,201203,201103,Other Reporting Airports      ,BIRMINGHAM                    ,BELFAST CITY (GEORGE BEST)    , 27219 , 27219 , 0 , 26427 , 26427 , 0 , 2.996935 ,N,N
24-May-2013 15:09,201203,201103,Other Reporting Airports      ,BIRMINGHAM                    ,CITY OF DERRY (EGLINTON)      , 4153 , 4153 , 0 , 4511 , 4511 , 0 ,-7.936156 ,N,N
24-May-2013 15:09,201203,201103,Other Reporting Airports      ,BIRMINGHAM                    ,DUNDEE                        , 1546 , 1546 , 0 , 1786 , 1786 , 0 ,-13.43785 ,N,N
24-May-2013 15:09,201203,201103,Other Reporting Airports      ,BIRMINGHAM                    ,EDINBURGH                     , 24600 , 24600 , 0 , 25967 , 25967 , 0 ,-5.264374 ,N,N
24-May-2013 15:09,201203,201103,Other Reporting Airports      ,BIRMINGHAM                    ,GLASGOW                       , 17799 , 17799 , 0 , 19358 , 19358 , 0 ,-8.053518 ,N,N
24-May-2013 15:09,201203,201103,Other Reporting Airports      ,BIRMINGHAM                    ,GUERNSEY                      , 2231 , 2231 , 0 , 2471 , 2471 , 0 ,-9.712667 ,N,N
24-May-2013 15:09,201203,201103,Other Reporting Airports      ,BIRMINGHAM                    ,INVERNESS                     , 2195 , 2195 , 0 , 2151 , 2151 , 0 , 2.04556 ,N,N
24-May-2013 15:09,201203,201103,Other Reporting Airports      ,BIRMINGHAM                    ,ISLE OF MAN                   , 3887 , 3887 , 0 , 3596 , 3596 , 0 , 8.092325 ,N,N
24-May-2013 15:09,201203,201103,Other Reporting Airports      ,BIRMINGHAM                    ,JERSEY                        , 2985 , 2985 , 0 , 2715 , 2715 , 0 , 9.944752 ,N,N
24-May-2013 15:09,201203,201103,Other Reporting Airports      ,BIRMINGHAM                    ,NEWCASTLE                     , 1199 , 1199 , 0 , 1513 , 1513 , 0 ,-20.75347 ,N,N
24-May-2013 15:09,201203,201103,Other Reporting Airports      ,BLACKPOOL                     ,BELFAST INTERNATIONAL         , 109 , 109 , 0 , 0 , 0 , 0 ,Null,N,N
24-May-2013 15:09,201203,201103,Other Reporting Airports      ,BLACKPOOL                     ,GATWICK                       , 0 , 0 , 0 , 38 , 0 , 38 ,-100 ,N,N
24-May-2013 15:09,201203,201103,Other Reporting Airports      ,BLACKPOOL                     ,ISLE OF MAN                   , 1803 , 1803 , 0 , 1992 , 1992 , 0 ,-9.487952 ,N,N
24-May-2013 15:09,201203,201103,Other Reporting Airports      ,BLACKPOOL                     ,SOUTH MARSTON                 , 0 , 0 , 0 , 41 , 0 , 41 ,-100 ,N,N
24-May-2013 15:09,201203,201103,Other Reporting Airports      ,BOURNEMOUTH                   ,JERSEY                        , 220 , 220 , 0 , 0 , 0 , 0 ,Null,N,N
24-May-2013 15:09,201203,201103,Other Reporting Airports      ,BRISTOL                       ,ABERDEEN                      , 1337 , 1337 , 0 , 1724 , 1724 , 0 ,-22.4478 ,N,N
24-May-2013 15:09,201203,201103,Other Reporting Airports      ,BRISTOL                       ,BELFAST CITY (GEORGE BEST)    , 3283 , 3283 , 0 , 3243 , 3175 , 68 , 1.233426 ,N,N
24-May-2013 15:09,201203,201103,Other Reporting Airports      ,BRISTOL                       ,BELFAST INTERNATIONAL         , 17087 , 17087 , 0 , 16595 , 16595 , 0 , 2.964748 ,N,N
24-May-2013 15:09,201203,201103,Other Reporting Airports      ,BRISTOL                       ,EDINBURGH                     , 25579 , 25579 , 0 , 26482 , 26482 , 0 ,-3.409863 ,N,N
24-May-2013 15:09,201203,201103,Other Reporting Airports      ,BRISTOL                       ,GLASGOW                       , 20690 , 20690 , 0 , 19127 , 19127 , 0 , 8.171695 ,N,N
24-May-2013 15:09,201203,201103,Other Reporting Airports      ,BRISTOL                       ,GUERNSEY                      , 0 , 0 , 0 , 1712 , 1712 , 0 ,-100 ,N,N
24-May-2013 15:09,201203,201103,Other Reporting Airports      ,BRISTOL                       ,HAWARDEN                      , 12 , 0 , 12 , 20 , 0 , 20 ,-40 ,N,N
24-May-2013 15:09,201203,201103,Other Reporting Airports      ,BRISTOL                       ,INVERNESS                     , 4929 , 4929 , 0 , 4451 , 4451 , 0 , 10.73916 ,N,N
24-May-2013 15:09,201203,201103,Other Reporting Airports      ,BRISTOL                       ,ISLE OF MAN                   , 540 , 540 , 0 , 481 , 481 , 0 , 12.26611 ,N,N
24-May-2013 15:09,201203,201103,Other Reporting Airports      ,BRISTOL                       ,JERSEY                        , 2543 , 2543 , 0 , 1313 , 1313 , 0 , 93.6786 ,N,N
24-May-2013 15:09,201203,201103,Other Reporting Airports      ,BRISTOL                       ,LEEDS BRADFORD                , 798 , 798 , 0 , 1185 , 1185 , 0 ,-32.65823 ,N,N
24-May-2013 15:09,201203,201103,Other Reporting Airports      ,BRISTOL                       ,MANCHESTER                    , 0 , 0 , 0 , 1443 , 1443 , 0 ,-100 ,N,N
24-May-2013 15:09,201203,201103,Other Reporting Airports      ,BRISTOL                       ,NEWCASTLE                     , 16525 , 16525 , 0 , 16162 , 16162 , 0 , 2.246009 ,N,N
24-May-2013 15:09,201203,201103,Other Reporting Airports      ,BRISTOL                       ,NEWQUAY                       , 0 , 0 , 0 , 952 , 952 , 0 ,-100 ,N,N
24-May-2013 15:09,201203,201103,Other Reporting Airports      ,BRISTOL                       ,PLYMOUTH                      , 0 , 0 , 0 , 683 , 683 , 0 ,-100 ,N,N
24-May-2013 15:09,201203,201103,Other Reporting Airports      ,CAMPBELTOWN                   ,GLASGOW                       , 735 , 735 , 0 , 844 , 844 , 0 ,-12.91469 ,N,N
24-May-2013 15:09,201203,201103,Other Reporting Airports      ,CARDIFF WALES                 ,ABERDEEN                      , 155 , 155 , 0 , 90 , 90 , 0 , 72.22222 ,N,N
24-May-2013 15:09,201203,201103,Other Reporting Airports      ,CARDIFF WALES                 ,ANGLESEY (VALLEY)             , 831 , 831 , 0 , 996 , 996 , 0 ,-16.56627 ,N,N
24-May-2013 15:09,201203,201103,Other Reporting Airports      ,CARDIFF WALES                 ,BELFAST CITY (GEORGE BEST)    , 2961 , 2961 , 0 , 6418 , 6418 , 0 ,-53.86413 ,N,N
24-May-2013 15:09,201203,201103,Other Reporting Airports      ,CARDIFF WALES                 ,EDINBURGH                     , 5676 , 5676 , 0 , 7491 , 7409 , 82 ,-24.22907 ,N,N
24-May-2013 15:09,201203,201103,Other Reporting Airports      ,CARDIFF WALES                 ,GLASGOW                       , 3784 , 3784 , 0 , 4093 , 4062 , 31 ,-7.549475 ,N,N
24-May-2013 15:09,201203,201103,Other Reporting Airports      ,CARDIFF WALES                 ,JERSEY                        , 123 , 123 , 0 , 1319 , 1319 , 0 ,-90.67475 ,N,N
24-May-2013 15:09,201203,201103,Other Reporting Airports      ,CARDIFF WALES                 ,LIVERPOOL (JOHN LENNON)       , 72 , 0 , 72 , 0 , 0 , 0 ,Null,N,N
24-May-2013 15:09,201203,201103,Other Reporting Airports      ,CARDIFF WALES                 ,LUTON                         , 0 , 0 , 0 , 89 , 0 , 89 ,-100 ,N,N
24-May-2013 15:09,201203,201103,Other Reporting Airports      ,CARDIFF WALES                 ,MANCHESTER                    , 46 , 0 , 46 , 0 , 0 , 0 ,Null,N,N
24-May-2013 15:09,201203,201103,Other Reporting Airports      ,CARDIFF WALES                 ,NEWCASTLE                     , 1295 , 1295 , 0 , 1425 , 1425 , 0 ,-9.122807 ,N,N
24-May-2013 15:09,201203,201103,Other Reporting Airports      ,CARDIFF WALES                 ,NEWQUAY                       , 0 , 0 , 0 , 158 , 158 , 0 ,-100 ,N,N
24-May-2013 15:09,201203,201103,Other Reporting Airports      ,CITY OF DERRY (EGLINTON)      ,BIRMINGHAM                    , 4189 , 4189 , 0 , 4557 , 4557 , 0 ,-8.075488 ,N,N
24-May-2013 15:09,201203,201103,Other Reporting Airports      ,CITY OF DERRY (EGLINTON)      ,LIVERPOOL (JOHN LENNON)       , 8915 , 8915 , 0 , 7767 , 7767 , 0 , 14.78048 ,N,N
24-May-2013 15:09,201203,201103,Other Reporting Airports      ,CITY OF DERRY (EGLINTON)      ,PRESTWICK                     , 6118 , 6118 , 0 , 6543 , 6543 , 0 ,-6.495492 ,N,N
24-May-2013 15:09,201203,201103,Other Reporting Airports      ,CITY OF DERRY (EGLINTON)      ,STANSTED                      , 10834 , 10834 , 0 , 9379 , 9379 , 0 , 15.51338 ,N,N
24-May-2013 15:09,201203,201103,Other Reporting Airports      ,DONCASTER SHEFFIELD           ,BELFAST CITY (GEORGE BEST)    , 0 , 0 , 0 , 1452 , 1452 , 0 ,-100 ,N,N
24-May-2013 15:09,201203,201103,Other Reporting Airports      ,DONCASTER SHEFFIELD           ,JERSEY                        , 180 , 180 , 0 , 721 , 721 , 0 ,-75.03468 ,N,N
24-May-2013 15:09,201203,201103,Other Reporting Airports      ,DUNDEE                        ,BELFAST CITY (GEORGE BEST)    , 739 , 739 , 0 , 962 , 962 , 0 ,-23.18087 ,N,N
24-May-2013 15:09,201203,201103,Other Reporting Airports      ,DUNDEE                        ,BIRMINGHAM                    , 1537 , 1537 , 0 , 1811 , 1811 , 0 ,-15.12976 ,N,N
24-May-2013 15:09,201203,201103,Other Reporting Airports      ,DUNDEE                        ,LIVERPOOL (JOHN LENNON)       , 0 , 0 , 0 , 7 , 7 , 0 ,-100 ,N,N
24-May-2013 15:09,201203,201103,Other Reporting Airports      ,DUNDEE                        ,LONDON CITY                   , 2539 , 2539 , 0 , 3087 , 3087 , 0 ,-17.75186 ,N,N
24-May-2013 15:09,201203,201103,Other Reporting Airports      ,DUNDEE                        ,MANCHESTER                    , 46 , 0 , 46 , 0 , 0 , 0 ,Null,N,N
24-May-2013 15:09,201203,201103,Other Reporting Airports      ,DURHAM TEES VALLEY            ,ABERDEEN                      , 3189 , 3189 , 0 , 3223 , 3223 , 0 ,-1.054918 ,N,N
24-May-2013 15:09,201203,201103,Other Reporting Airports      ,DURHAM TEES VALLEY            ,SOUTHAMPTON                   , 0 , 0 , 0 , 828 , 828 , 0 ,-100 ,N,N
24-May-2013 15:09,201203,201103,Other Reporting Airports      ,EAST MIDLANDS INTERNATIONAL   ,ABERDEEN                      , 1831 , 1831 , 0 , 1975 , 1975 , 0 ,-7.291139 ,N,N
24-May-2013 15:09,201203,201103,Other Reporting Airports      ,EAST MIDLANDS INTERNATIONAL   ,BELFAST CITY (GEORGE BEST)    , 17450 , 17450 , 0 , 15786 , 15786 , 0 , 10.54099 ,N,N
24-May-2013 15:09,201203,201103,Other Reporting Airports      ,EAST MIDLANDS INTERNATIONAL   ,EDINBURGH                     , 10298 , 10298 , 0 , 11018 , 11018 , 0 ,-6.534761 ,N,N
24-May-2013 15:09,201203,201103,Other Reporting Airports      ,EAST MIDLANDS INTERNATIONAL   ,GLASGOW                       , 9736 , 9736 , 0 , 10186 , 10186 , 0 ,-4.417829 ,N,N
24-May-2013 15:09,201203,201103,Other Reporting Airports      ,EAST MIDLANDS INTERNATIONAL   ,GUERNSEY                      , 1552 , 1552 , 0 , 1482 , 1482 , 0 , 4.723347 ,N,N
24-May-2013 15:09,201203,201103,Other Reporting Airports      ,EAST MIDLANDS INTERNATIONAL   ,JERSEY                        , 4375 , 4375 , 0 , 2455 , 2455 , 0 , 78.20774 ,N,N
24-May-2013 15:09,201203,201103,Other Reporting Airports      ,EDINBURGH                     ,BELFAST CITY (GEORGE BEST)    , 10705 , 10705 , 0 , 8229 , 8229 , 0 , 30.08871 ,N,N
24-May-2013 15:09,201203,201103,Other Reporting Airports      ,EDINBURGH                     ,BELFAST INTERNATIONAL         , 20820 , 20820 , 0 , 20728 , 20728 , 0 , 0.4438441 ,N,N
24-May-2013 15:09,201203,201103,Other Reporting Airports      ,EDINBURGH                     ,BIRMINGHAM                    , 24628 , 24628 , 0 , 26075 , 26075 , 0 ,-5.549377 ,N,N
24-May-2013 15:09,201203,201103,Other Reporting Airports      ,EDINBURGH                     ,BRISTOL                       , 25450 , 25450 , 0 , 26565 , 26565 , 0 ,-4.197252 ,N,N
24-May-2013 15:09,201203,201103,Other Reporting Airports      ,EDINBURGH                     ,CARDIFF WALES                 , 5701 , 5701 , 0 , 7701 , 7619 , 82 ,-25.97065 ,N,N
24-May-2013 15:09,201203,201103,Other Reporting Airports      ,EDINBURGH                     ,EAST MIDLANDS INTERNATIONAL   , 10337 , 10337 , 0 , 10995 , 10995 , 0 ,-5.984539 ,N,N
24-May-2013 15:09,201203,201103,Other Reporting Airports      ,EDINBURGH                     ,EXETER                        , 3737 , 3737 , 0 , 3155 , 3155 , 0 , 18.44691 ,N,N
24-May-2013 15:09,201203,201103,Other Reporting Airports      ,EDINBURGH                     ,FARNBOROUGH                   , 0 , 0 , 0 , 67 , 0 , 67 ,-100 ,N,N
24-May-2013 15:09,201203,201103,Other Reporting Airports      ,EDINBURGH                     ,GATWICK                       , 54331 , 54331 , 0 , 55893 , 55893 , 0 ,-2.794626 ,N,N
24-May-2013 15:09,201203,201103,Other Reporting Airports      ,EDINBURGH                     ,HEATHROW                      , 102974 , 102974 , 0 , 108149 , 107988 , 161 ,-4.785065 ,N,N
24-May-2013 15:09,201203,201103,Other Reporting Airports      ,EDINBURGH                     ,ISLE OF MAN                   , 857 , 857 , 0 , 998 , 998 , 0 ,-14.12826 ,N,N
24-May-2013 15:09,201203,201103,Other Reporting Airports      ,EDINBURGH                     ,JERSEY                        , 162 , 162 , 0 , 85 , 85 , 0 , 90.58823 ,N,N
24-May-2013 15:09,201203,201103,Other Reporting Airports      ,EDINBURGH                     ,KIRKWALL                      , 2843 , 2843 , 0 , 2682 , 2682 , 0 , 6.002983 ,N,N
24-May-2013 15:09,201203,201103,Other Reporting Airports      ,EDINBURGH                     ,LEEDS BRADFORD                , 511 , 511 , 0 , 1209 , 1209 , 0 ,-57.73367 ,N,N
24-May-2013 15:09,201203,201103,Other Reporting Airports      ,EDINBURGH                     ,LONDON CITY                   , 30450 , 30450 , 0 , 31534 , 31534 , 0 ,-3.437559 ,N,N
24-May-2013 15:09,201203,201103,Other Reporting Airports      ,EDINBURGH                     ,LUTON                         , 23481 , 23480 , 1 , 22456 , 22453 , 3 , 4.564482 ,N,N
24-May-2013 15:09,201203,201103,Other Reporting Airports      ,EDINBURGH                     ,MANCHESTER                    , 9231 , 9231 , 0 , 10996 , 10996 , 0 ,-16.05129 ,N,N
24-May-2013 15:09,201203,201103,Other Reporting Airports      ,EDINBURGH                     ,MANSTON (KENT INT)            , 1115 , 1115 , 0 , 1560 , 1560 , 0 ,-28.52564 ,N,N
24-May-2013 15:09,201203,201103,Other Reporting Airports      ,EDINBURGH                     ,NEWQUAY                       , 211 , 211 , 0 , 166 , 166 , 0 , 27.10843 ,N,N
24-May-2013 15:09,201203,201103,Other Reporting Airports      ,EDINBURGH                     ,NORWICH                       , 3430 , 3430 , 0 , 3502 , 3502 , 0 ,-2.055968 ,N,N
24-May-2013 15:09,201203,201103,Other Reporting Airports      ,EDINBURGH                     ,SOUTHAMPTON                   , 16473 , 16473 , 0 , 16134 , 16134 , 0 , 2.101153 ,N,N
24-May-2013 15:09,201203,201103,Other Reporting Airports      ,EDINBURGH                     ,STANSTED                      , 31676 , 31676 , 0 , 36659 , 36659 , 0 ,-13.59284 ,N,N
24-May-2013 15:09,201203,201103,Other Reporting Airports      ,EDINBURGH                     ,STORNOWAY                     , 1792 , 1792 , 0 , 1934 , 1934 , 0 ,-7.342296 ,N,N
24-May-2013 15:09,201203,201103,Other Reporting Airports      ,EDINBURGH                     ,SUMBURGH                      , 2738 , 2738 , 0 , 2665 , 2665 , 0 , 2.739212 ,N,N
24-May-2013 15:09,201203,201103,Other Reporting Airports      ,EDINBURGH                     ,WICK JOHN O GROATS            , 847 , 847 , 0 , 609 , 609 , 0 , 39.08046 ,N,N
24-May-2013 15:09,201203,201103,Other Reporting Airports      ,EXETER                        ,ABERDEEN                      , 949 , 949 , 0 , 840 , 840 , 0 , 12.97619 ,N,N
24-May-2013 15:09,201203,201103,Other Reporting Airports      ,EXETER                        ,BELFAST CITY (GEORGE BEST)    , 2511 , 2511 , 0 , 2071 , 2071 , 0 , 21.24578 ,N,N
24-May-2013 15:09,201203,201103,Other Reporting Airports      ,EXETER                        ,EDINBURGH                     , 3744 , 3744 , 0 , 3197 , 3197 , 0 , 17.10979 ,N,N
24-May-2013 15:09,201203,201103,Other Reporting Airports      ,EXETER                        ,GLASGOW                       , 2322 , 2322 , 0 , 1256 , 1256 , 0 , 84.87261 ,N,N
24-May-2013 15:09,201203,201103,Other Reporting Airports      ,EXETER                        ,GUERNSEY                      , 1783 , 1783 , 0 , 1938 , 1938 , 0 ,-7.997936 ,N,N
24-May-2013 15:09,201203,201103,Other Reporting Airports      ,EXETER                        ,ISLES OF SCILLY (ST.MARYS)    , 0 , 0 , 0 , 38 , 38 , 0 ,-100 ,N,N
24-May-2013 15:09,201203,201103,Other Reporting Airports      ,EXETER                        ,JERSEY                        , 2867 , 2867 , 0 , 2737 , 2737 , 0 , 4.749726 ,N,N
24-May-2013 15:09,201203,201103,Other Reporting Airports      ,EXETER                        ,LEEDS BRADFORD                , 845 , 845 , 0 , 841 , 841 , 0 , 0.4756243 ,N,N
24-May-2013 15:09,201203,201103,Other Reporting Airports      ,EXETER                        ,MANCHESTER                    , 3915 , 3915 , 0 , 3335 , 3335 , 0 , 17.3913 ,N,N
24-May-2013 15:09,201203,201103,Other Reporting Airports      ,EXETER                        ,NEWCASTLE                     , 1782 , 1782 , 0 , 2136 , 2136 , 0 ,-16.57303 ,N,N
24-May-2013 15:09,201203,201103,Other Reporting Airports      ,EXETER                        ,NORWICH                       , 195 , 195 , 0 , 0 , 0 , 0 ,Null,N,N
24-May-2013 15:09,201203,201103,London Area Airports          ,GATWICK                       ,ABERDEEN                      , 19630 , 19630 , 0 , 8820 , 8820 , 0 , 122.5624 ,N,N
24-May-2013 15:09,201203,201103,London Area Airports          ,GATWICK                       ,BELFAST CITY (GEORGE BEST)    , 19534 , 19534 , 0 , 18147 , 18147 , 0 , 7.643137 ,N,N
24-May-2013 15:09,201203,201103,London Area Airports          ,GATWICK                       ,BELFAST INTERNATIONAL         , 29057 , 29057 , 0 , 27785 , 27785 , 0 , 4.57801 ,N,N
24-May-2013 15:09,201203,201103,London Area Airports          ,GATWICK                       ,BLACKPOOL                     , 0 , 0 , 0 , 46 , 0 , 46 ,-100 ,N,N
24-May-2013 15:09,201203,201103,London Area Airports          ,GATWICK                       ,EDINBURGH                     , 54261 , 54261 , 0 , 55919 , 55919 , 0 ,-2.965003 ,N,N
24-May-2013 15:09,201203,201103,London Area Airports          ,GATWICK                       ,GLASGOW                       , 51076 , 51076 , 0 , 45659 , 45659 , 0 , 11.86404 ,N,N
24-May-2013 15:09,201203,201103,London Area Airports          ,GATWICK                       ,GUERNSEY                      , 27765 , 27765 , 0 , 28172 , 28172 , 0 ,-1.444697 ,N,N
24-May-2013 15:09,201203,201103,London Area Airports          ,GATWICK                       ,INVERNESS                     , 18268 , 18268 , 0 , 15905 , 15905 , 0 , 14.85696 ,N,N
24-May-2013 15:09,201203,201103,London Area Airports          ,GATWICK                       ,ISLE OF MAN                   , 10724 , 10724 , 0 , 10507 , 10507 , 0 , 2.06529 ,N,N
24-May-2013 15:09,201203,201103,London Area Airports          ,GATWICK                       ,JERSEY                        , 45029 , 45029 , 0 , 44648 , 44648 , 0 , 0.8533417 ,N,N
24-May-2013 15:09,201203,201103,London Area Airports          ,GATWICK                       ,LEEDS BRADFORD                , 0 , 0 , 0 , 3664 , 3664 , 0 ,-100 ,N,N
24-May-2013 15:09,201203,201103,London Area Airports          ,GATWICK                       ,MANCHESTER                    , 17351 , 17275 , 76 , 19921 , 19921 , 0 ,-12.90096 ,N,N
24-May-2013 15:09,201203,201103,London Area Airports          ,GATWICK                       ,NEWCASTLE                     , 7271 , 7271 , 0 , 7199 , 7199 , 0 , 1.000139 ,N,N
24-May-2013 15:09,201203,201103,London Area Airports          ,GATWICK                       ,NEWQUAY                       , 7109 , 7109 , 0 , 7849 , 7849 , 0 ,-9.427953 ,N,N
24-May-2013 15:09,201203,201103,Other Reporting Airports      ,GLASGOW                       ,BARRA                         , 564 , 564 , 0 , 572 , 572 , 0 ,-1.398601 ,N,N
24-May-2013 15:09,201203,201103,Other Reporting Airports      ,GLASGOW                       ,BELFAST CITY (GEORGE BEST)    , 8455 , 8455 , 0 , 8736 , 8736 , 0 ,-3.216575 ,N,N
24-May-2013 15:09,201203,201103,Other Reporting Airports      ,GLASGOW                       ,BELFAST INTERNATIONAL         , 23082 , 23082 , 0 , 22005 , 22005 , 0 , 4.894342 ,N,N
24-May-2013 15:09,201203,201103,Other Reporting Airports      ,GLASGOW                       ,BENBECULA                     , 1662 , 1662 , 0 , 1839 , 1839 , 0 ,-9.624796 ,N,N
24-May-2013 15:09,201203,201103,Other Reporting Airports      ,GLASGOW                       ,BIRMINGHAM                    , 17901 , 17901 , 0 , 19454 , 19454 , 0 ,-7.982934 ,N,N
24-May-2013 15:09,201203,201103,Other Reporting Airports      ,GLASGOW                       ,BRISTOL                       , 20630 , 20630 , 0 , 19071 , 19071 , 0 , 8.174716 ,N,N
24-May-2013 15:09,201203,201103,Other Reporting Airports      ,GLASGOW                       ,CAMPBELTOWN                   , 743 , 743 , 0 , 845 , 845 , 0 ,-12.07101 ,N,N
24-May-2013 15:09,201203,201103,Other Reporting Airports      ,GLASGOW                       ,CARDIFF WALES                 , 1177 , 1177 , 0 , 1434 , 1403 , 31 ,-17.9219 ,N,N
24-May-2013 15:09,201203,201103,Other Reporting Airports      ,GLASGOW                       ,EAST MIDLANDS INTERNATIONAL   , 9748 , 9748 , 0 , 10317 , 10317 , 0 ,-5.515169 ,N,N
24-May-2013 15:09,201203,201103,Other Reporting Airports      ,GLASGOW                       ,EXETER                        , 2317 , 2317 , 0 , 1283 , 1283 , 0 , 80.59236 ,N,N
24-May-2013 15:09,201203,201103,Other Reporting Airports      ,GLASGOW                       ,GATWICK                       , 51057 , 51057 , 0 , 45637 , 45637 , 0 , 11.87633 ,N,N
24-May-2013 15:09,201203,201103,Other Reporting Airports      ,GLASGOW                       ,HEATHROW                      , 70081 , 70081 , 0 , 82956 , 82956 , 0 ,-15.52028 ,N,N
24-May-2013 15:09,201203,201103,Other Reporting Airports      ,GLASGOW                       ,ISLAY                         , 2129 , 2129 , 0 , 2035 , 2035 , 0 , 4.619164 ,N,N
24-May-2013 15:09,201203,201103,Other Reporting Airports      ,GLASGOW                       ,ISLE OF MAN                   , 770 , 770 , 0 , 700 , 700 , 0 , 10 ,N,N
24-May-2013 15:09,201203,201103,Other Reporting Airports      ,GLASGOW                       ,JERSEY                        , 2060 , 2060 , 0 , 0 , 0 , 0 ,Null,N,N
24-May-2013 15:09,201203,201103,Other Reporting Airports      ,GLASGOW                       ,KIRKWALL                      , 1054 , 1054 , 0 , 1140 , 1140 , 0 ,-7.543859 ,N,N
24-May-2013 15:09,201203,201103,Other Reporting Airports      ,GLASGOW                       ,LEEDS BRADFORD                , 1079 , 1079 , 0 , 1435 , 1435 , 0 ,-24.80836 ,N,N
24-May-2013 15:09,201203,201103,Other Reporting Airports      ,GLASGOW                       ,LONDON CITY                   , 13071 , 13071 , 0 , 10978 , 10978 , 0 , 19.0654 ,N,N
24-May-2013 15:09,201203,201103,Other Reporting Airports      ,GLASGOW                       ,LUTON                         , 23989 , 23989 , 0 , 23340 , 23340 , 0 , 2.780634 ,N,N
24-May-2013 15:09,201203,201103,Other Reporting Airports      ,GLASGOW                       ,MANCHESTER                    , 4294 , 4294 , 0 , 4368 , 4368 , 0 ,-1.694139 ,N,N
24-May-2013 15:09,201203,201103,Other Reporting Airports      ,GLASGOW                       ,PLYMOUTH                      , 0 , 0 , 0 , 1892 , 1892 , 0 ,-100 ,N,N
24-May-2013 15:09,201203,201103,Other Reporting Airports      ,GLASGOW                       ,SOUTHAMPTON                   , 13379 , 13379 , 0 , 10595 , 10595 , 0 , 26.27655 ,N,N
24-May-2013 15:09,201203,201103,Other Reporting Airports      ,GLASGOW                       ,STANSTED                      , 30523 , 30523 , 0 , 30533 , 30533 , 0 ,-3.275145E-02 ,N,N
24-May-2013 15:09,201203,201103,Other Reporting Airports      ,GLASGOW                       ,STORNOWAY                     , 4342 , 4342 , 0 , 4278 , 4278 , 0 , 1.496026 ,N,N
24-May-2013 15:09,201203,201103,Other Reporting Airports      ,GLASGOW                       ,SUMBURGH                      , 1399 , 1399 , 0 , 1455 , 1455 , 0 ,-3.848797 ,N,N
24-May-2013 15:09,201203,201103,Other Reporting Airports      ,GLASGOW                       ,TIREE                         , 616 , 616 , 0 , 438 , 438 , 0 , 40.63927 ,N,N
24-May-2013 15:09,201203,201103,Other Reporting Airports      ,GLOUCESTERSHIRE               ,ISLE OF MAN                   , 1174 , 1174 , 0 , 1262 , 1262 , 0 ,-6.973059 ,N,N
24-May-2013 15:09,201203,201103,Other Reporting Airports      ,GUERNSEY                      ,ALDERNEY                      , 2941 , 2941 , 0 , 3298 , 3298 , 0 ,-10.82474 ,N,N
24-May-2013 15:09,201203,201103,Other Reporting Airports      ,GUERNSEY                      ,BIGGIN HILL                   , 8 , 0 , 8 , 0 , 0 , 0 ,Null,Y,N
24-May-2013 15:09,201203,201103,Other Reporting Airports      ,GUERNSEY                      ,BIRMINGHAM                    , 2088 , 2088 , 0 , 1914 , 1914 , 0 , 9.090909 ,N,N
24-May-2013 15:09,201203,201103,Other Reporting Airports      ,GUERNSEY                      ,BRISTOL                       , 1657 , 1657 , 0 , 1688 , 1688 , 0 ,-1.836493 ,N,N
24-May-2013 15:09,201203,201103,Other Reporting Airports      ,GUERNSEY                      ,EAST MIDLANDS INTERNATIONAL   , 1578 , 1578 , 0 , 1466 , 1466 , 0 , 7.639836 ,N,N
24-May-2013 15:09,201203,201103,Other Reporting Airports      ,GUERNSEY                      ,EXETER                        , 1784 , 1784 , 0 , 1869 , 1869 , 0 ,-4.547886 ,N,N
24-May-2013 15:09,201203,201103,Other Reporting Airports      ,GUERNSEY                      ,FARNBOROUGH                   , 0 , 0 , 0 , 2 , 0 , 2 ,-100 ,N,Y
24-May-2013 15:09,201203,201103,Other Reporting Airports      ,GUERNSEY                      ,GATWICK                       , 27859 , 27859 , 0 , 28068 , 28068 , 0 ,-0.7446202 ,N,N
24-May-2013 15:09,201203,201103,Other Reporting Airports      ,GUERNSEY                      ,ISLE OF MAN                   , 0 , 0 , 0 , 226 , 226 , 0 ,-100 ,N,N
24-May-2013 15:09,201203,201103,Other Reporting Airports      ,GUERNSEY                      ,JERSEY                        , 13642 , 13642 , 0 , 14779 , 14779 , 0 ,-7.693349 ,N,N
24-May-2013 15:09,201203,201103,Other Reporting Airports      ,GUERNSEY                      ,MANCHESTER                    , 4378 , 4378 , 0 , 4514 , 4514 , 0 ,-3.012849 ,N,N
24-May-2013 15:09,201203,201103,Other Reporting Airports      ,GUERNSEY                      ,PLYMOUTH                      , 0 , 0 , 0 , 234 , 234 , 0 ,-100 ,N,N
24-May-2013 15:09,201203,201103,Other Reporting Airports      ,GUERNSEY                      ,SOUTHAMPTON                   , 10119 , 10119 , 0 , 10253 , 10253 , 0 ,-1.306935 ,N,N
24-May-2013 15:09,201203,201103,Other Reporting Airports      ,GUERNSEY                      ,STANSTED                      , 1266 , 1266 , 0 , 1194 , 1194 , 0 , 6.030151 ,N,N
24-May-2013 15:09,201203,201103,Other Reporting Airports      ,HAWARDEN                      ,FILTON                        , 0 , 0 , 0 , 17 , 0 , 17 ,-100 ,N,N
24-May-2013 15:09,201203,201103,London Area Airports          ,HEATHROW                      ,ABERDEEN                      , 53936 , 53936 , 0 , 55424 , 55424 , 0 ,-2.684757 ,N,N
24-May-2013 15:09,201203,201103,London Area Airports          ,HEATHROW                      ,BELFAST CITY (GEORGE BEST)    , 38998 , 38998 , 0 , 40622 , 40622 , 0 ,-3.997834 ,N,N
24-May-2013 15:09,201203,201103,London Area Airports          ,HEATHROW                      ,BELFAST INTERNATIONAL         , 19337 , 19337 , 0 , 21276 , 21276 , 0 ,-9.113555 ,N,N
24-May-2013 15:09,201203,201103,London Area Airports          ,HEATHROW                      ,EDINBURGH                     , 103020 , 103020 , 0 , 107951 , 107786 , 165 ,-4.567813 ,N,N
24-May-2013 15:09,201203,201103,London Area Airports          ,HEATHROW                      ,FARNBOROUGH                   , 0 , 0 , 0 , 3 , 0 , 3 ,-100 ,N,Y
24-May-2013 15:09,201203,201103,London Area Airports          ,HEATHROW                      ,GLASGOW                       , 70081 , 70081 , 0 , 82952 , 82952 , 0 ,-15.5162 ,N,N
24-May-2013 15:09,201203,201103,London Area Airports          ,HEATHROW                      ,LIVERPOOL (JOHN LENNON)       , 32 , 0 , 32 , 0 , 0 , 0 ,Null,N,N
24-May-2013 15:09,201203,201103,London Area Airports          ,HEATHROW                      ,MANCHESTER                    , 71293 , 71293 , 0 , 70542 , 70502 , 40 , 1.064614 ,N,N
24-May-2013 15:09,201203,201103,London Area Airports          ,HEATHROW                      ,NEWCASTLE                     , 44738 , 44701 , 37 , 39147 , 39147 , 0 , 14.28207 ,N,N
24-May-2013 15:09,201203,201103,Other Reporting Airports      ,HUMBERSIDE                    ,ABERDEEN                      , 3068 , 3068 , 0 , 3044 , 3044 , 0 , 0.7884363 ,N,N
24-May-2013 15:09,201203,201103,Other Reporting Airports      ,HUMBERSIDE                    ,NORWICH                       , 169 , 169 , 0 , 24 , 24 , 0 , 604.1667 ,N,N
24-May-2013 15:09,201203,201103,Other Reporting Airports      ,HUMBERSIDE                    ,SOUTHAMPTON                   , 75 , 0 , 75 , 0 , 0 , 0 ,Null,N,N
24-May-2013 15:09,201203,201103,Other Reporting Airports      ,INVERNESS                     ,BELFAST CITY (GEORGE BEST)    , 1749 , 1749 , 0 , 1372 , 1372 , 0 , 27.47813 ,N,N
24-May-2013 15:09,201203,201103,Other Reporting Airports      ,INVERNESS                     ,BIRMINGHAM                    , 2204 , 2204 , 0 , 2137 , 2137 , 0 , 3.135236 ,N,N
24-May-2013 15:09,201203,201103,Other Reporting Airports      ,INVERNESS                     ,BRISTOL                       , 4930 , 4930 , 0 , 4564 , 4564 , 0 , 8.019281 ,N,N
24-May-2013 15:09,201203,201103,Other Reporting Airports      ,INVERNESS                     ,GATWICK                       , 18320 , 18320 , 0 , 15904 , 15904 , 0 , 15.19115 ,N,N
24-May-2013 15:09,201203,201103,Other Reporting Airports      ,INVERNESS                     ,GLASGOW                       , 0 , 0 , 0 , 71 , 0 , 71 ,-100 ,N,N
24-May-2013 15:09,201203,201103,Other Reporting Airports      ,INVERNESS                     ,KIRKWALL                      , 1220 , 1220 , 0 , 2085 , 2085 , 0 ,-41.48681 ,N,N
24-May-2013 15:09,201203,201103,Other Reporting Airports      ,INVERNESS                     ,LUTON                         , 6852 , 6852 , 0 , 7026 , 6958 , 68 ,-2.476516 ,N,N
24-May-2013 15:09,201203,201103,Other Reporting Airports      ,INVERNESS                     ,MANCHESTER                    , 4018 , 4018 , 0 , 3663 , 3663 , 0 , 9.691509 ,N,N
24-May-2013 15:09,201203,201103,Other Reporting Airports      ,INVERNESS                     ,STORNOWAY                     , 3217 , 3217 , 0 , 3223 , 3223 , 0 ,-0.186162 ,N,N
24-May-2013 15:09,201203,201103,Other Reporting Airports      ,INVERNESS                     ,SUMBURGH                      , 575 , 575 , 0 , 0 , 0 , 0 ,Null,N,N
24-May-2013 15:09,201203,201103,Other Reporting Airports      ,ISLAY                         ,GLASGOW                       , 2152 , 2152 , 0 , 2023 , 2023 , 0 , 6.376668 ,N,N
24-May-2013 15:09,201203,201103,Other Reporting Airports      ,ISLE OF MAN                   ,BELFAST CITY (GEORGE BEST)    , 2267 , 2267 , 0 , 2218 , 2218 , 0 , 2.209198 ,N,N
24-May-2013 15:09,201203,201103,Other Reporting Airports      ,ISLE OF MAN                   ,BIRMINGHAM                    , 3895 , 3895 , 0 , 3438 , 3438 , 0 , 13.29261 ,N,N
24-May-2013 15:09,201203,201103,Other Reporting Airports      ,ISLE OF MAN                   ,BLACKPOOL                     , 1721 , 1721 , 0 , 1864 , 1864 , 0 ,-7.671674 ,N,N
24-May-2013 15:09,201203,201103,Other Reporting Airports      ,ISLE OF MAN                   ,BRISTOL                       , 542 , 542 , 0 , 480 , 480 , 0 , 12.91667 ,N,N
24-May-2013 15:09,201203,201103,Other Reporting Airports      ,ISLE OF MAN                   ,EDINBURGH                     , 853 , 853 , 0 , 1009 , 1009 , 0 ,-15.46085 ,N,N
24-May-2013 15:09,201203,201103,Other Reporting Airports      ,ISLE OF MAN                   ,GATWICK                       , 10639 , 10639 , 0 , 10448 , 10448 , 0 , 1.828101 ,N,N
24-May-2013 15:09,201203,201103,Other Reporting Airports      ,ISLE OF MAN                   ,GLASGOW                       , 765 , 765 , 0 , 708 , 708 , 0 , 8.050847 ,N,N
24-May-2013 15:09,201203,201103,Other Reporting Airports      ,ISLE OF MAN                   ,GLOUCESTERSHIRE               , 1184 , 1184 , 0 , 1309 , 1309 , 0 ,-9.549274 ,N,N
24-May-2013 15:09,201203,201103,Other Reporting Airports      ,ISLE OF MAN                   ,JERSEY                        , 218 , 218 , 0 , 449 , 449 , 0 ,-51.44766 ,N,N
24-May-2013 15:09,201203,201103,Other Reporting Airports      ,ISLE OF MAN                   ,LEEDS BRADFORD                , 662 , 662 , 0 , 643 , 643 , 0 , 2.954899 ,N,N
24-May-2013 15:09,201203,201103,Other Reporting Airports      ,ISLE OF MAN                   ,LIVERPOOL (JOHN LENNON)       , 14896 , 14896 , 0 , 12554 , 12554 , 0 , 18.65541 ,N,N
24-May-2013 15:09,201203,201103,Other Reporting Airports      ,ISLE OF MAN                   ,LONDON CITY                   , 3444 , 3444 , 0 , 4045 , 4045 , 0 ,-14.85785 ,N,N
24-May-2013 15:09,201203,201103,Other Reporting Airports      ,ISLE OF MAN                   ,LUTON                         , 1302 , 1302 , 0 , 1763 , 1763 , 0 ,-26.14861 ,N,N
24-May-2013 15:09,201203,201103,Other Reporting Airports      ,ISLE OF MAN                   ,MANCHESTER                    , 10157 , 10157 , 0 , 10139 , 10139 , 0 , 0.1775323 ,N,N
24-May-2013 15:09,201203,201103,Other Reporting Airports      ,ISLE OF MAN                   ,NEWCASTLE                     , 495 , 495 , 0 , 469 , 469 , 0 , 5.54371 ,N,N
24-May-2013 15:09,201203,201103,Other Reporting Airports      ,ISLE OF MAN                   ,SOUTHAMPTON                   , 0 , 0 , 0 , 138 , 138 , 0 ,-100 ,N,N
24-May-2013 15:09,201203,201103,Other Reporting Airports      ,JERSEY                        ,BIRMINGHAM                    , 3230 , 3230 , 0 , 3478 , 3478 , 0 ,-7.130535 ,N,N
24-May-2013 15:09,201203,201103,Other Reporting Airports      ,JERSEY                        ,BOURNEMOUTH                   , 220 , 220 , 0 , 0 , 0 , 0 ,Null,N,N
24-May-2013 15:09,201203,201103,Other Reporting Airports      ,JERSEY                        ,BRISTOL                       , 2532 , 2532 , 0 , 1434 , 1434 , 0 , 76.56904 ,N,N
24-May-2013 15:09,201203,201103,Other Reporting Airports      ,JERSEY                        ,CARDIFF WALES                 , 123 , 123 , 0 , 1317 , 1317 , 0 ,-90.66059 ,N,N
24-May-2013 15:09,201203,201103,Other Reporting Airports      ,JERSEY                        ,DONCASTER SHEFFIELD           , 181 , 181 , 0 , 743 , 743 , 0 ,-75.6393 ,N,N
24-May-2013 15:09,201203,201103,Other Reporting Airports      ,JERSEY                        ,EAST MIDLANDS INTERNATIONAL   , 4299 , 4299 , 0 , 2484 , 2484 , 0 , 73.06763 ,N,N
24-May-2013 15:09,201203,201103,Other Reporting Airports      ,JERSEY                        ,EDINBURGH                     , 158 , 158 , 0 , 82 , 82 , 0 , 92.68293 ,N,N
24-May-2013 15:09,201203,201103,Other Reporting Airports      ,JERSEY                        ,EXETER                        , 2920 , 2920 , 0 , 2999 , 2999 , 0 ,-2.634211 ,N,N
24-May-2013 15:09,201203,201103,Other Reporting Airports      ,JERSEY                        ,GATWICK                       , 45093 , 45093 , 0 , 44406 , 44357 , 49 , 1.547088 ,N,N
24-May-2013 15:09,201203,201103,Other Reporting Airports      ,JERSEY                        ,GLASGOW                       , 2035 , 2035 , 0 , 0 , 0 , 0 ,Null,N,N
24-May-2013 15:09,201203,201103,Other Reporting Airports      ,JERSEY                        ,GUERNSEY                      , 13410 , 13410 , 0 , 15053 , 15053 , 0 ,-10.91477 ,N,N
24-May-2013 15:09,201203,201103,Other Reporting Airports      ,JERSEY                        ,ISLE OF MAN                   , 219 , 219 , 0 , 357 , 357 , 0 ,-38.65546 ,N,N
24-May-2013 15:09,201203,201103,Other Reporting Airports      ,JERSEY                        ,LIVERPOOL (JOHN LENNON)       , 5577 , 5577 , 0 , 3976 , 3976 , 0 , 40.2666 ,N,N
24-May-2013 15:09,201203,201103,Other Reporting Airports      ,JERSEY                        ,LONDON CITY                   , 2052 , 2052 , 0 , 0 , 0 , 0 ,Null,N,N
24-May-2013 15:09,201203,201103,Other Reporting Airports      ,JERSEY                        ,LUTON                         , 1114 , 1114 , 0 , 912 , 912 , 0 , 22.14912 ,N,N
24-May-2013 15:09,201203,201103,Other Reporting Airports      ,JERSEY                        ,MANCHESTER                    , 4149 , 4149 , 0 , 5481 , 5481 , 0 ,-24.30214 ,N,N
24-May-2013 15:09,201203,201103,Other Reporting Airports      ,JERSEY                        ,NEWCASTLE                     , 219 , 219 , 0 , 52 , 52 , 0 , 321.1538 ,N,N
24-May-2013 15:09,201203,201103,Other Reporting Airports      ,JERSEY                        ,PLYMOUTH                      , 0 , 0 , 0 , 312 , 312 , 0 ,-100 ,N,N
24-May-2013 15:09,201203,201103,Other Reporting Airports      ,JERSEY                        ,SOUTHAMPTON                   , 12185 , 12185 , 0 , 12362 , 12362 , 0 ,-1.431807 ,N,N
24-May-2013 15:09,201203,201103,Other Reporting Airports      ,JERSEY                        ,STANSTED                      , 747 , 747 , 0 , 839 , 839 , 0 ,-10.96544 ,N,N
24-May-2013 15:09,201203,201103,Other Reporting Airports      ,KIRKWALL                      ,ABERDEEN                      , 3871 , 3871 , 0 , 3504 , 3504 , 0 , 10.47374 ,N,N
24-May-2013 15:09,201203,201103,Other Reporting Airports      ,KIRKWALL                      ,EDAY                          , 39 , 39 , 0 , 30 , 30 , 0 , 30 ,N,N
24-May-2013 15:09,201203,201103,Other Reporting Airports      ,KIRKWALL                      ,EDINBURGH                     , 2858 , 2858 , 0 , 2693 , 2693 , 0 , 6.126996 ,N,N
24-May-2013 15:09,201203,201103,Other Reporting Airports      ,KIRKWALL                      ,GLASGOW                       , 1086 , 1086 , 0 , 1150 , 1150 , 0 ,-5.565217 ,N,N
24-May-2013 15:09,201203,201103,Other Reporting Airports      ,KIRKWALL                      ,INVERNESS                     , 693 , 693 , 0 , 966 , 966 , 0 ,-28.26087 ,N,N
24-May-2013 15:09,201203,201103,Other Reporting Airports      ,KIRKWALL                      ,NORTH RONALDSAY               , 441 , 441 , 0 , 471 , 471 , 0 ,-6.369427 ,N,N
24-May-2013 15:09,201203,201103,Other Reporting Airports      ,KIRKWALL                      ,PAPA WESTRAY                  , 303 , 303 , 0 , 393 , 393 , 0 ,-22.90076 ,N,N
24-May-2013 15:09,201203,201103,Other Reporting Airports      ,KIRKWALL                      ,SANDAY                        , 220 , 220 , 0 , 251 , 251 , 0 ,-12.3506 ,N,N
24-May-2013 15:09,201203,201103,Other Reporting Airports      ,KIRKWALL                      ,STRONSAY                      , 274 , 274 , 0 , 293 , 293 , 0 ,-6.484642 ,N,N
24-May-2013 15:09,201203,201103,Other Reporting Airports      ,KIRKWALL                      ,SUMBURGH                      , 543 , 543 , 0 , 791 , 791 , 0 ,-31.35272 ,N,N
24-May-2013 15:09,201203,201103,Other Reporting Airports      ,KIRKWALL                      ,WESTRAY                       , 252 , 252 , 0 , 268 , 268 , 0 ,-5.970149 ,N,N
24-May-2013 15:09,201203,201103,Other Reporting Airports      ,LEEDS BRADFORD                ,ABERDEEN                      , 2089 , 2089 , 0 , 2005 , 2005 , 0 , 4.189526 ,N,N
24-May-2013 15:09,201203,201103,Other Reporting Airports      ,LEEDS BRADFORD                ,BELFAST CITY (GEORGE BEST)    , 8489 , 8489 , 0 , 5255 , 5255 , 0 , 61.54139 ,N,N
24-May-2013 15:09,201203,201103,Other Reporting Airports      ,LEEDS BRADFORD                ,BELFAST INTERNATIONAL         , 4338 , 4338 , 0 , 8670 , 8670 , 0 ,-49.9654 ,N,N
24-May-2013 15:09,201203,201103,Other Reporting Airports      ,LEEDS BRADFORD                ,BRISTOL                       , 712 , 712 , 0 , 2 , 2 , 0 , 35500 ,N,N
24-May-2013 15:09,201203,201103,Other Reporting Airports      ,LEEDS BRADFORD                ,EDINBURGH                     , 499 , 499 , 0 , 1283 , 1283 , 0 ,-61.10678 ,N,N
24-May-2013 15:09,201203,201103,Other Reporting Airports      ,LEEDS BRADFORD                ,EXETER                        , 835 , 835 , 0 , 756 , 756 , 0 , 10.44974 ,N,N
24-May-2013 15:09,201203,201103,Other Reporting Airports      ,LEEDS BRADFORD                ,GATWICK                       , 0 , 0 , 0 , 3659 , 3659 , 0 ,-100 ,N,N
24-May-2013 15:09,201203,201103,Other Reporting Airports      ,LEEDS BRADFORD                ,GLASGOW                       , 1088 , 1088 , 0 , 1430 , 1430 , 0 ,-23.91608 ,N,N
24-May-2013 15:09,201203,201103,Other Reporting Airports      ,LEEDS BRADFORD                ,ISLE OF MAN                   , 641 , 641 , 0 , 616 , 616 , 0 , 4.058442 ,N,N
24-May-2013 15:09,201203,201103,Other Reporting Airports      ,LEEDS BRADFORD                ,PLYMOUTH                      , 0 , 0 , 0 , 1788 , 1788 , 0 ,-100 ,N,N
24-May-2013 15:09,201203,201103,Other Reporting Airports      ,LEEDS BRADFORD                ,SOUTHAMPTON                   , 5406 , 5368 , 38 , 5677 , 5677 , 0 ,-4.773648 ,N,N
24-May-2013 15:09,201203,201103,Other Reporting Airports      ,LERWICK (TINGWALL)            ,FAIR ISLE                     , 191 , 191 , 0 , 172 , 172 , 0 , 11.04651 ,N,N
24-May-2013 15:09,201203,201103,Other Reporting Airports      ,LERWICK (TINGWALL)            ,FOULA                         , 108 , 108 , 0 , 52 , 52 , 0 , 107.6923 ,N,N
24-May-2013 15:09,201203,201103,Other Reporting Airports      ,LERWICK (TINGWALL)            ,OUT SKERRIES                  , 20 , 20 , 0 , 47 , 47 , 0 ,-57.44681 ,N,N
24-May-2013 15:09,201203,201103,Other Reporting Airports      ,LERWICK (TINGWALL)            ,PAPA STOUR                    , 1 , 1 , 0 , 9 , 9 , 0 ,-88.88889 ,N,N
24-May-2013 15:09,201203,201103,Other Reporting Airports      ,LIVERPOOL (JOHN LENNON)       ,ABERDEEN                      , 0 , 0 , 0 , 875 , 875 , 0 ,-100 ,N,N
24-May-2013 15:09,201203,201103,Other Reporting Airports      ,LIVERPOOL (JOHN LENNON)       ,BELFAST CITY (GEORGE BEST)    , 0 , 0 , 0 , 7134 , 7134 , 0 ,-100 ,N,N
24-May-2013 15:09,201203,201103,Other Reporting Airports      ,LIVERPOOL (JOHN LENNON)       ,BELFAST INTERNATIONAL         , 38897 , 38897 , 0 , 36867 , 36867 , 0 , 5.506279 ,N,N
24-May-2013 15:09,201203,201103,Other Reporting Airports      ,LIVERPOOL (JOHN LENNON)       ,CARDIFF WALES                 , 79 , 0 , 79 , 0 , 0 , 0 ,Null,N,N
24-May-2013 15:09,201203,201103,Other Reporting Airports      ,LIVERPOOL (JOHN LENNON)       ,CITY OF DERRY (EGLINTON)      , 8827 , 8827 , 0 , 7693 , 7693 , 0 , 14.74067 ,N,N
24-May-2013 15:09,201203,201103,Other Reporting Airports      ,LIVERPOOL (JOHN LENNON)       ,GATWICK                       , 0 , 0 , 0 , 36 , 0 , 36 ,-100 ,N,N
24-May-2013 15:09,201203,201103,Other Reporting Airports      ,LIVERPOOL (JOHN LENNON)       ,HEATHROW                      , 40 , 0 , 40 , 0 , 0 , 0 ,Null,N,N
24-May-2013 15:09,201203,201103,Other Reporting Airports      ,LIVERPOOL (JOHN LENNON)       ,ISLE OF MAN                   , 14873 , 14873 , 0 , 12358 , 12358 , 0 , 20.35119 ,N,N
24-May-2013 15:09,201203,201103,Other Reporting Airports      ,LIVERPOOL (JOHN LENNON)       ,JERSEY                        , 5601 , 5601 , 0 , 4155 , 4155 , 0 , 34.80145 ,N,N
24-May-2013 15:09,201203,201103,Other Reporting Airports      ,LIVERPOOL (JOHN LENNON)       ,LUTON                         , 29 , 0 , 29 , 0 , 0 , 0 ,Null,N,N
24-May-2013 15:09,201203,201103,Other Reporting Airports      ,LIVERPOOL (JOHN LENNON)       ,NEWCASTLE                     , 30 , 0 , 30 , 161 , 0 , 161 ,-81.36646 ,N,N
24-May-2013 15:09,201203,201103,Other Reporting Airports      ,LIVERPOOL (JOHN LENNON)       ,SOUTHAMPTON                   , 0 , 0 , 0 , 702 , 702 , 0 ,-100 ,N,N
24-May-2013 15:09,201203,201103,London Area Airports          ,LONDON CITY                   ,DUNDEE                        , 2585 , 2585 , 0 , 3089 , 3089 , 0 ,-16.31596 ,N,N
24-May-2013 15:09,201203,201103,London Area Airports          ,LONDON CITY                   ,EDINBURGH                     , 30438 , 30438 , 0 , 31482 , 31482 , 0 ,-3.316181 ,N,N
24-May-2013 15:09,201203,201103,London Area Airports          ,LONDON CITY                   ,GLASGOW                       , 13042 , 13042 , 0 , 10968 , 10968 , 0 , 18.90956 ,N,N
24-May-2013 15:09,201203,201103,London Area Airports          ,LONDON CITY                   ,ISLE OF MAN                   , 3474 , 3474 , 0 , 4044 , 4044 , 0 ,-14.09496 ,N,N
24-May-2013 15:09,201203,201103,London Area Airports          ,LONDON CITY                   ,JERSEY                        , 2023 , 2023 , 0 , 0 , 0 , 0 ,Null,N,N
24-May-2013 15:09,201203,201103,London Area Airports          ,LUTON                         ,ABERDEEN                      , 10434 , 10434 , 0 , 12377 , 12377 , 0 ,-15.69847 ,N,N
24-May-2013 15:09,201203,201103,London Area Airports          ,LUTON                         ,BELFAST CITY (GEORGE BEST)    , 0 , 0 , 0 , 20505 , 20505 , 0 ,-100 ,N,N
24-May-2013 15:09,201203,201103,London Area Airports          ,LUTON                         ,BELFAST INTERNATIONAL         , 19090 , 19090 , 0 , 0 , 0 , 0 ,Null,N,N
24-May-2013 15:09,201203,201103,London Area Airports          ,LUTON                         ,CARDIFF WALES                 , 0 , 0 , 0 , 83 , 0 , 83 ,-100 ,N,N
24-May-2013 15:09,201203,201103,London Area Airports          ,LUTON                         ,EDINBURGH                     , 23477 , 23472 , 5 , 22382 , 22381 , 1 , 4.892324 ,N,N
24-May-2013 15:09,201203,201103,London Area Airports          ,LUTON                         ,GLASGOW                       , 23886 , 23886 , 0 , 23277 , 23277 , 0 , 2.616317 ,N,N
24-May-2013 15:09,201203,201103,London Area Airports          ,LUTON                         ,INVERNESS                     , 6771 , 6771 , 0 , 7036 , 6968 , 68 ,-3.766345 ,N,N
24-May-2013 15:09,201203,201103,London Area Airports          ,LUTON                         ,ISLE OF MAN                   , 1160 , 1160 , 0 , 1630 , 1630 , 0 ,-28.83436 ,N,N
24-May-2013 15:09,201203,201103,London Area Airports          ,LUTON                         ,JERSEY                        , 992 , 992 , 0 , 798 , 798 , 0 , 24.31078 ,N,N
24-May-2013 15:09,201203,201103,London Area Airports          ,LUTON                         ,LIVERPOOL (JOHN LENNON)       , 29 , 0 , 29 , 0 , 0 , 0 ,Null,N,N
24-May-2013 15:09,201203,201103,London Area Airports          ,LUTON                         ,LYDD                          , 5 , 0 , 5 , 0 , 0 , 0 ,Null,Y,N
24-May-2013 15:09,201203,201103,London Area Airports          ,LUTON                         ,MANCHESTER                    , 41 , 0 , 41 , 0 , 0 , 0 ,Null,N,N
24-May-2013 15:09,201203,201103,London Area Airports          ,LUTON                         ,NEWCASTLE                     , 13 , 0 , 13 , 0 , 0 , 0 ,Null,N,N
24-May-2013 15:09,201203,201103,Other Reporting Airports      ,MANCHESTER                    ,ABERDEEN                      , 13600 , 13244 , 356 , 12104 , 11662 , 442 , 12.35955 ,N,N
24-May-2013 15:09,201203,201103,Other Reporting Airports      ,MANCHESTER                    ,BELFAST CITY (GEORGE BEST)    , 23420 , 23420 , 0 , 27615 , 27615 , 0 ,-15.19102 ,N,N
24-May-2013 15:09,201203,201103,Other Reporting Airports      ,MANCHESTER                    ,BELFAST INTERNATIONAL         , 11198 , 11198 , 0 , 221 , 0 , 221 , 4966.968 ,N,N
24-May-2013 15:09,201203,201103,Other Reporting Airports      ,MANCHESTER                    ,CARDIFF WALES                 , 46 , 0 , 46 , 0 , 0 , 0 ,Null,N,N
24-May-2013 15:09,201203,201103,Other Reporting Airports      ,MANCHESTER                    ,EDINBURGH                     , 9129 , 9129 , 0 , 10917 , 10917 , 0 ,-16.37813 ,N,N
24-May-2013 15:09,201203,201103,Other Reporting Airports      ,MANCHESTER                    ,EXETER                        , 3943 , 3943 , 0 , 3330 , 3330 , 0 , 18.40841 ,N,N
24-May-2013 15:09,201203,201103,Other Reporting Airports      ,MANCHESTER                    ,FARNBOROUGH                   , 73 , 0 , 73 , 0 , 0 , 0 ,Null,N,N
24-May-2013 15:09,201203,201103,Other Reporting Airports      ,MANCHESTER                    ,GATWICK                       , 17316 , 17285 , 31 , 19775 , 19775 , 0 ,-12.43489 ,N,N
24-May-2013 15:09,201203,201103,Other Reporting Airports      ,MANCHESTER                    ,GLASGOW                       , 4305 , 4305 , 0 , 4387 , 4387 , 0 ,-1.869159 ,N,N
24-May-2013 15:09,201203,201103,Other Reporting Airports      ,MANCHESTER                    ,GUERNSEY                      , 4357 , 4357 , 0 , 4483 , 4483 , 0 ,-2.810618 ,N,N
24-May-2013 15:09,201203,201103,Other Reporting Airports      ,MANCHESTER                    ,HEATHROW                      , 70897 , 70897 , 0 , 70344 , 70304 , 40 , 0.7861367 ,N,N
24-May-2013 15:09,201203,201103,Other Reporting Airports      ,MANCHESTER                    ,INVERNESS                     , 4007 , 4007 , 0 , 3599 , 3599 , 0 , 11.33648 ,N,N
24-May-2013 15:09,201203,201103,Other Reporting Airports      ,MANCHESTER                    ,ISLE OF MAN                   , 10038 , 10038 , 0 , 10054 , 10054 , 0 ,-0.1591406 ,N,N
24-May-2013 15:09,201203,201103,Other Reporting Airports      ,MANCHESTER                    ,JERSEY                        , 4036 , 4036 , 0 , 5507 , 5507 , 0 ,-26.71146 ,N,N
24-May-2013 15:09,201203,201103,Other Reporting Airports      ,MANCHESTER                    ,LUTON                         , 44 , 0 , 44 , 0 , 0 , 0 ,Null,N,N
24-May-2013 15:09,201203,201103,Other Reporting Airports      ,MANCHESTER                    ,MANSTON (KENT INT)            , 0 , 0 , 0 , 537 , 537 , 0 ,-100 ,N,N
24-May-2013 15:09,201203,201103,Other Reporting Airports      ,MANCHESTER                    ,NEWQUAY                       , 2107 , 2107 , 0 , 2570 , 2570 , 0 ,-18.01556 ,N,N
24-May-2013 15:09,201203,201103,Other Reporting Airports      ,MANCHESTER                    ,NORWICH                       , 2362 , 2362 , 0 , 2346 , 2346 , 0 , 0.682012 ,N,N
24-May-2013 15:09,201203,201103,Other Reporting Airports      ,MANCHESTER                    ,PLYMOUTH                      , 0 , 0 , 0 , 1776 , 1776 , 0 ,-100 ,N,N
24-May-2013 15:09,201203,201103,Other Reporting Airports      ,MANCHESTER                    ,SOUTHAMPTON                   , 9459 , 9459 , 0 , 8950 , 8950 , 0 , 5.687151 ,N,N
24-May-2013 15:09,201203,201103,Other Reporting Airports      ,MANCHESTER                    ,STANSTED                      , 33 , 0 , 33 , 0 , 0 , 0 ,Null,N,N
24-May-2013 15:09,201203,201103,Other Reporting Airports      ,MANSTON (KENT INT)            ,EDINBURGH                     , 1106 , 1106 , 0 , 1575 , 1575 , 0 ,-29.77778 ,N,N
24-May-2013 15:09,201203,201103,Other Reporting Airports      ,MANSTON (KENT INT)            ,MANCHESTER                    , 0 , 0 , 0 , 534 , 534 , 0 ,-100 ,N,N
24-May-2013 15:09,201203,201103,Other Reporting Airports      ,NEWCASTLE                     ,ABERDEEN                      , 3209 , 3209 , 0 , 3183 , 3183 , 0 , 0.8168395 ,N,N
24-May-2013 15:09,201203,201103,Other Reporting Airports      ,NEWCASTLE                     ,BELFAST CITY (GEORGE BEST)    , 3532 , 3532 , 0 , 3096 , 3096 , 0 , 14.08269 ,N,N
24-May-2013 15:09,201203,201103,Other Reporting Airports      ,NEWCASTLE                     ,BELFAST INTERNATIONAL         , 17224 , 17224 , 0 , 15583 , 15583 , 0 , 10.53071 ,N,N
24-May-2013 15:09,201203,201103,Other Reporting Airports      ,NEWCASTLE                     ,BIRMINGHAM                    , 1218 , 1218 , 0 , 1513 , 1513 , 0 ,-19.49769 ,N,N
24-May-2013 15:09,201203,201103,Other Reporting Airports      ,NEWCASTLE                     ,BRISTOL                       , 16564 , 16564 , 0 , 16114 , 16114 , 0 , 2.792603 ,N,N
24-May-2013 15:09,201203,201103,Other Reporting Airports      ,NEWCASTLE                     ,CARDIFF WALES                 , 1267 , 1267 , 0 , 1271 , 1271 , 0 ,-0.3147128 ,N,N
24-May-2013 15:09,201203,201103,Other Reporting Airports      ,NEWCASTLE                     ,EXETER                        , 1758 , 1758 , 0 , 2015 , 2015 , 0 ,-12.75434 ,N,N
24-May-2013 15:09,201203,201103,Other Reporting Airports      ,NEWCASTLE                     ,GATWICK                       , 7257 , 7257 , 0 , 7166 , 7166 , 0 , 1.269886 ,N,N
24-May-2013 15:09,201203,201103,Other Reporting Airports      ,NEWCASTLE                     ,GLASGOW                       , 0 , 0 , 0 , 6 , 0 , 6 ,-100 ,N,Y
24-May-2013 15:09,201203,201103,Other Reporting Airports      ,NEWCASTLE                     ,HEATHROW                      , 44577 , 44517 , 60 , 39072 , 39072 , 0 , 14.08937 ,N,N
24-May-2013 15:09,201203,201103,Other Reporting Airports      ,NEWCASTLE                     ,ISLE OF MAN                   , 494 , 494 , 0 , 473 , 473 , 0 , 4.439746 ,N,N
24-May-2013 15:09,201203,201103,Other Reporting Airports      ,NEWCASTLE                     ,JERSEY                        , 219 , 219 , 0 , 52 , 52 , 0 , 321.1538 ,N,N
24-May-2013 15:09,201203,201103,Other Reporting Airports      ,NEWCASTLE                     ,LIVERPOOL (JOHN LENNON)       , 35 , 0 , 35 , 104 , 0 , 104 ,-66.34615 ,N,N
24-May-2013 15:09,201203,201103,Other Reporting Airports      ,NEWCASTLE                     ,NEWQUAY                       , 0 , 0 , 0 , 506 , 506 , 0 ,-100 ,N,N
24-May-2013 15:09,201203,201103,Other Reporting Airports      ,NEWCASTLE                     ,NORWICH                       , 65 , 0 , 65 , 0 , 0 , 0 ,Null,N,N
24-May-2013 15:09,201203,201103,Other Reporting Airports      ,NEWCASTLE                     ,SOUTHAMPTON                   , 7342 , 7342 , 0 , 7665 , 7665 , 0 ,-4.21396 ,N,N
24-May-2013 15:09,201203,201103,Other Reporting Airports      ,NEWCASTLE                     ,STANSTED                      , 0 , 0 , 0 , 9337 , 9337 , 0 ,-100 ,N,N
24-May-2013 15:09,201203,201103,Other Reporting Airports      ,NEWQUAY                       ,BRISTOL                       , 0 , 0 , 0 , 83 , 83 , 0 ,-100 ,N,N
24-May-2013 15:09,201203,201103,Other Reporting Airports      ,NEWQUAY                       ,CARDIFF WALES                 , 0 , 0 , 0 , 61 , 61 , 0 ,-100 ,N,N
24-May-2013 15:09,201203,201103,Other Reporting Airports      ,NEWQUAY                       ,EDINBURGH                     , 210 , 210 , 0 , 166 , 166 , 0 , 26.50602 ,N,N
24-May-2013 15:09,201203,201103,Other Reporting Airports      ,NEWQUAY                       ,GATWICK                       , 6970 , 6970 , 0 , 7845 , 7845 , 0 ,-11.1536 ,N,N
24-May-2013 15:09,201203,201103,Other Reporting Airports      ,NEWQUAY                       ,GLASGOW                       , 0 , 0 , 0 , 711 , 711 , 0 ,-100 ,N,N
24-May-2013 15:09,201203,201103,Other Reporting Airports      ,NEWQUAY                       ,ISLES OF SCILLY (ST.MARYS)    , 600 , 600 , 0 , 815 , 815 , 0 ,-26.38037 ,N,N
24-May-2013 15:09,201203,201103,Other Reporting Airports      ,NEWQUAY                       ,LEEDS BRADFORD                , 0 , 0 , 0 , 637 , 637 , 0 ,-100 ,N,N
24-May-2013 15:09,201203,201103,Other Reporting Airports      ,NEWQUAY                       ,MANCHESTER                    , 2108 , 2108 , 0 , 2905 , 2905 , 0 ,-27.43546 ,N,N
24-May-2013 15:09,201203,201103,Other Reporting Airports      ,NEWQUAY                       ,NEWCASTLE                     , 0 , 0 , 0 , 512 , 512 , 0 ,-100 ,N,N
24-May-2013 15:09,201203,201103,Other Reporting Airports      ,NEWQUAY                       ,PLYMOUTH                      , 0 , 0 , 0 , 18 , 18 , 0 ,-100 ,N,N
24-May-2013 15:09,201203,201103,Other Reporting Airports      ,NORWICH                       ,ABERDEEN                      , 5659 , 5659 , 0 , 5350 , 5350 , 0 , 5.775701 ,N,N
24-May-2013 15:09,201203,201103,Other Reporting Airports      ,NORWICH                       ,EDINBURGH                     , 3412 , 3412 , 0 , 3501 , 3501 , 0 ,-2.542131 ,N,N
24-May-2013 15:09,201203,201103,Other Reporting Airports      ,NORWICH                       ,EXETER                        , 195 , 195 , 0 , 0 , 0 , 0 ,Null,N,N
24-May-2013 15:09,201203,201103,Other Reporting Airports      ,NORWICH                       ,MANCHESTER                    , 2281 , 2281 , 0 , 2295 , 2295 , 0 ,-0.6100218 ,N,N
24-May-2013 15:09,201203,201103,Other Reporting Airports      ,NORWICH                       ,NEWCASTLE                     , 65 , 0 , 65 , 0 , 0 , 0 ,Null,N,N
24-May-2013 15:09,201203,201103,Other Reporting Airports      ,PLYMOUTH                      ,BRISTOL                       , 0 , 0 , 0 , 27 , 27 , 0 ,-100 ,N,N
24-May-2013 15:09,201203,201103,Other Reporting Airports      ,PRESTWICK                     ,CITY OF DERRY (EGLINTON)      , 6202 , 6202 , 0 , 6565 , 6565 , 0 ,-5.529322 ,N,N
24-May-2013 15:09,201203,201103,Other Reporting Airports      ,PRESTWICK                     ,STANSTED                      , 0 , 0 , 0 , 9854 , 9854 , 0 ,-100 ,N,N
24-May-2013 15:09,201203,201103,Other Reporting Airports      ,SCATSTA                       ,ABERDEEN                      , 14110 , 0 , 14110 , 14356 , 0 , 14356 ,-1.713569 ,N,N
24-May-2013 15:09,201203,201103,Other Reporting Airports      ,SOUTHAMPTON                   ,ABERDEEN                      , 1278 , 1278 , 0 , 2252 , 2252 , 0 ,-43.25044 ,N,N
24-May-2013 15:09,201203,201103,Other Reporting Airports      ,SOUTHAMPTON                   ,ALDERNEY                      , 1520 , 1520 , 0 , 1539 , 1539 , 0 ,-1.234568 ,N,N
24-May-2013 15:09,201203,201103,Other Reporting Airports      ,SOUTHAMPTON                   ,BELFAST CITY (GEORGE BEST)    , 6687 , 6687 , 0 , 6230 , 6230 , 0 , 7.335474 ,N,N
24-May-2013 15:09,201203,201103,Other Reporting Airports      ,SOUTHAMPTON                   ,DURHAM TEES VALLEY            , 28 , 28 , 0 , 1608 , 1608 , 0 ,-98.25871 ,N,N
24-May-2013 15:09,201203,201103,Other Reporting Airports      ,SOUTHAMPTON                   ,EDINBURGH                     , 16341 , 16341 , 0 , 16073 , 16073 , 0 , 1.667392 ,N,N
24-May-2013 15:09,201203,201103,Other Reporting Airports      ,SOUTHAMPTON                   ,GLASGOW                       , 13578 , 13578 , 0 , 13295 , 13295 , 0 , 2.12862 ,N,N
24-May-2013 15:09,201203,201103,Other Reporting Airports      ,SOUTHAMPTON                   ,GUERNSEY                      , 10147 , 10147 , 0 , 10267 , 10267 , 0 ,-1.168793 ,N,N
24-May-2013 15:09,201203,201103,Other Reporting Airports      ,SOUTHAMPTON                   ,HUMBERSIDE                    , 103 , 0 , 103 , 0 , 0 , 0 ,Null,N,N
24-May-2013 15:09,201203,201103,Other Reporting Airports      ,SOUTHAMPTON                   ,ISLE OF MAN                   , 0 , 0 , 0 , 138 , 138 , 0 ,-100 ,N,N
24-May-2013 15:09,201203,201103,Other Reporting Airports      ,SOUTHAMPTON                   ,JERSEY                        , 12214 , 12214 , 0 , 12374 , 12374 , 0 ,-1.293034 ,N,N
24-May-2013 15:09,201203,201103,Other Reporting Airports      ,SOUTHAMPTON                   ,LEEDS BRADFORD                , 5480 , 5405 , 75 , 4729 , 4729 , 0 , 15.88074 ,N,N
24-May-2013 15:09,201203,201103,Other Reporting Airports      ,SOUTHAMPTON                   ,MANCHESTER                    , 9543 , 9543 , 0 , 9023 , 9023 , 0 , 5.76305 ,N,N
24-May-2013 15:09,201203,201103,Other Reporting Airports      ,SOUTHAMPTON                   ,NEWCASTLE                     , 7283 , 7283 , 0 , 7654 , 7654 , 0 ,-4.847139 ,N,N
24-May-2013 15:09,201203,201103,London Area Airports          ,STANSTED                      ,BELFAST CITY (GEORGE BEST)    , 9944 , 9944 , 0 , 882 , 882 , 0 , 1027.438 ,N,N
24-May-2013 15:09,201203,201103,London Area Airports          ,STANSTED                      ,BELFAST INTERNATIONAL         , 28768 , 28768 , 0 , 30302 , 30302 , 0 ,-5.062372 ,N,N
24-May-2013 15:09,201203,201103,London Area Airports          ,STANSTED                      ,CITY OF DERRY (EGLINTON)      , 10840 , 10840 , 0 , 9383 , 9383 , 0 , 15.52808 ,N,N
24-May-2013 15:09,201203,201103,London Area Airports          ,STANSTED                      ,EDINBURGH                     , 31809 , 31809 , 0 , 36784 , 36784 , 0 ,-13.5249 ,N,N
24-May-2013 15:09,201203,201103,London Area Airports          ,STANSTED                      ,GLASGOW                       , 30525 , 30525 , 0 , 30637 , 30637 , 0 ,-0.3655711 ,N,N
24-May-2013 15:09,201203,201103,London Area Airports          ,STANSTED                      ,GUERNSEY                      , 1846 , 1846 , 0 , 1584 , 1584 , 0 , 16.5404 ,N,N
24-May-2013 15:09,201203,201103,London Area Airports          ,STANSTED                      ,JERSEY                        , 186 , 186 , 0 , 614 , 614 , 0 ,-69.70684 ,N,N
24-May-2013 15:09,201203,201103,London Area Airports          ,STANSTED                      ,MANCHESTER                    , 33 , 0 , 33 , 0 , 0 , 0 ,Null,N,N
24-May-2013 15:09,201203,201103,London Area Airports          ,STANSTED                      ,NEWCASTLE                     , 0 , 0 , 0 , 9226 , 9226 , 0 ,-100 ,N,N
24-May-2013 15:09,201203,201103,London Area Airports          ,STANSTED                      ,PRESTWICK                     , 0 , 0 , 0 , 9865 , 9865 , 0 ,-100 ,N,N
24-May-2013 15:09,201203,201103,Other Reporting Airports      ,STORNOWAY                     ,ABERDEEN                      , 481 , 481 , 0 , 506 , 506 , 0 ,-4.940711 ,N,N
24-May-2013 15:09,201203,201103,Other Reporting Airports      ,STORNOWAY                     ,BENBECULA                     , 679 , 679 , 0 , 734 , 734 , 0 ,-7.493188 ,N,N
24-May-2013 15:09,201203,201103,Other Reporting Airports      ,STORNOWAY                     ,EDINBURGH                     , 1589 , 1589 , 0 , 1716 , 1716 , 0 ,-7.400932 ,N,N
24-May-2013 15:09,201203,201103,Other Reporting Airports      ,STORNOWAY                     ,GLASGOW                       , 4305 , 4305 , 0 , 4249 , 4249 , 0 , 1.317957 ,N,N
24-May-2013 15:09,201203,201103,Other Reporting Airports      ,STORNOWAY                     ,INVERNESS                     , 3104 , 3104 , 0 , 3259 , 3259 , 0 ,-4.75606 ,N,N
24-May-2013 15:09,201203,201103,Other Reporting Airports      ,SUMBURGH                      ,ABERDEEN                      , 5868 , 5631 , 237 , 5405 , 5183 , 222 , 8.566142 ,N,N
24-May-2013 15:09,201203,201103,Other Reporting Airports      ,SUMBURGH                      ,EDINBURGH                     , 2692 , 2692 , 0 , 2669 , 2669 , 0 , 0.861746 ,N,N
24-May-2013 15:09,201203,201103,Other Reporting Airports      ,SUMBURGH                      ,GLASGOW                       , 1365 , 1365 , 0 , 1455 , 1455 , 0 ,-6.185567 ,N,N
24-May-2013 15:09,201203,201103,Other Reporting Airports      ,SUMBURGH                      ,INVERNESS                     , 553 , 553 , 0 , 0 , 0 , 0 ,Null,N,N
24-May-2013 15:09,201203,201103,Other Reporting Airports      ,SUMBURGH                      ,KIRKWALL                      , 1088 , 1079 , 9 , 1944 , 1944 , 0 ,-44.03292 ,N,N
24-May-2013 15:09,201203,201103,Other Reporting Airports      ,TIREE                         ,GLASGOW                       , 615 , 615 , 0 , 436 , 436 , 0 , 41.05505 ,N,N
24-May-2013 15:09,201203,201103,Other Reporting Airports      ,WICK JOHN O GROATS            ,ABERDEEN                      , 1357 , 1357 , 0 , 1473 , 1473 , 0 ,-7.875085 ,N,N
24-May-2013 15:09,201203,201103,Other Reporting Airports      ,WICK JOHN O GROATS            ,EDINBURGH                     , 829 , 829 , 0 , 608 , 608 , 0 , 36.34868 ,N,N
24-May-2013 15:09,201203,201103,Other Reporting Airports      ,WICK JOHN O GROATS            ,SOUTH MARSTON                 , 0 , 0 , 0 , 43 , 0 , 43 ,-100 ,N,N
